1.0,2.655
0.9997259523157029,2.6726
0.9994519183337899,2.6881
0.9991778569471088,2.7021
0.9989038229651958,2.7148
0.9986297615785147,2.7266
0.998355741298986,2.7375
0.9980816525075362,2.7478
0.9978076322280075,2.7574
0.9975335708413264,2.7666
0.9972595231570294,2.7754
0.9969854891751163,2.7839
0.9967114140860509,2.7919
0.9964373664017538,2.7997
0.996163332419841,2.8071
0.9958892710331597,2.8144
0.9956152370512469,2.8213
0.9953411893669498,2.828
0.9950671553850369,2.8348
0.9947930939983557,2.8411
0.9945190463140586,2.8472
0.9942450260345299,2.8532
0.9939709646478486,2.8589
0.9936969032611674,2.8645
0.9934228555768704,2.87
0.9931488215949573,2.8753
0.9928747602082763,2.8804
0.9926007125239792,2.8854
0.9923266648396821,2.8902
0.9920526171553851,2.895
0.991778583173472,2.8996
0.9915045217867909,2.9041
0.9912304878048779,2.9085
0.9909564401205808,2.9128
0.9906823787338997,2.9171
0.9904083310496027,2.9213
0.9901342970676896,2.9254
0.9898602356810084,2.9295
0.9895862154014797,2.9335
0.9893121677171827,2.9375
0.9890380926281173,2.9413
0.9887640586462043,2.9451
0.9884899972595231,2.9489
0.9882159495752261,2.9525
0.9879419155933131,2.9561
0.9876678679090161,2.9596
0.9873938339271032,2.9631
0.9871197451356536,2.9665
0.9868457111537408,2.97
0.9865716771718277,2.9734
0.9862976294875306,2.9767
0.9860235681008496,2.98
0.9857495341189365,2.9834
0.9854754727322554,2.9866
0.9852014250479584,2.9898
0.9849273910660453,2.9929
0.9846533433817483,2.996
0.9843792956974512,2.9991
0.9841052343107701,3.0021
0.983831186626473,3.0051
0.9835571663469442,3.0079
0.9832831049602629,3.0108
0.9830090709783501,3.0137
0.9827349958892847,3.0166
0.9824609482049876,3.0194
0.9821869005206906,3.0222
0.9819128665387776,3.025
0.9816388051520964,3.0277
0.9813647574677994,3.0304
0.9810906960811181,3.0333
0.980816648396821,3.0359
0.9805426281172923,3.0385
0.9802685804329951,3.0412
0.9799945327486981,3.0437
0.979720485064401,3.0462
0.9794464510824883,3.0487
0.9791723896958069,3.0512
0.9788983283091258,3.0537
0.9786243080295971,3.0562
0.9783502329405317,3.0586
0.9780761852562346,3.061
0.9778021375719376,3.0635
0.9775281172924087,3.066
0.9772540422033433,3.0684
0.9769799945190463,3.0707
0.9767059605371333,3.0731
0.9764319128528363,3.0753
0.9761578651685392,3.0776
0.9758838174842421,3.0799
0.975609756097561,3.0821
0.9753357084132639,3.0844
0.9750616744313509,3.0865
0.9747876130446698,3.0887
0.9745135653603727,3.0909
0.9742395313784598,3.093
0.9739654836941627,3.0952
0.9736914223074815,3.0973
0.9734173883255685,3.0995
0.9731433406412714,3.1016
0.9728693066593587,3.1038
0.9725952452726773,3.1059
0.9723211838859962,3.108
0.9720471499040831,3.11
0.9717731159221704,3.1121
0.9714990682378732,3.1141
0.971225006851192,3.1161
0.9709509454645108,3.1181
0.9706769114825978,3.12
0.9704028500959166,3.122
0.9701287887092354,3.1238
0.9698547684297066,3.1258
0.9695807207454096,3.1277
0.9693066730611125,3.1296
0.9690326390791997,3.1315
0.96875855028775,3.1334
0.9684845300082213,3.1352
0.9682104686215401,3.1371
0.9679364072348589,3.139
0.9676624006577144,3.1409
0.967388325568649,3.1427
0.9671142915867359,3.1445
0.9668402302000548,3.1463
0.9665662099205261,3.1481
0.9662921485338447,3.1498
0.9660181008495476,3.1515
0.9657440668676349,3.1533
0.9654699917785695,3.155
0.9651959577966565,3.1567
0.9649219238147436,3.1584
0.9646478487256782,3.1601
0.9643738147437653,3.1619
0.9640997533570841,3.1635
0.9638257193751711,3.1652
0.9635516716908741,3.1669
0.963277624006577,3.1686
0.96300357632228,3.1702
0.9627295149355988,3.1719
0.9624554809536858,3.1735
0.9621814195670046,3.175
0.9619073992874759,3.1765
0.9616333379007946,3.178
0.9613592902164976,3.1796
0.9610852562345847,3.1812
0.9608112085502877,3.1827
0.9605371334612223,3.1843
0.9602630994793092,3.1858
0.9599890380926281,3.1874
0.9597150041107151,3.189
0.959440942724034,3.1905
0.9591669224445053,3.1919
0.9588928610578239,3.1935
0.9586187996711428,3.1949
0.9583447519868458,3.1964
0.9580707317073169,3.1977
0.9577966566182515,3.1991
0.9575226226363386,3.2005
0.9572485749520415,3.2019
0.9569745409701287,3.2034
0.9567004658810633,3.2048
0.9564264318991503,3.2062
0.9561523568100849,3.2076
0.9558783365305562,3.2091
0.955604275143875,3.2104
0.955330227459578,3.2118
0.9550561797752809,3.2131
0.954782145793368,3.2144
0.9545080981090708,3.2157
0.9542340367223897,3.2169
0.9539599890380926,3.2183
0.9536859550561796,3.2195
0.9534119073718825,3.2208
0.9531378596875855,3.2222
0.9528637983009044,3.2235
0.9525897643189913,3.2247
0.9523157166346943,3.226
0.9520416826527814,3.2274
0.951767607563716,3.2286
0.951493559879419,3.2298
0.9512195121951219,3.2311
0.9509454919155932,3.2323
0.9506714442312961,3.2335
0.9503973554398465,3.2347
0.9501233351603178,3.2359
0.9498492874760207,3.237
0.9495752397917236,3.2382
0.9493011784050425,3.2392
0.9490271307207454,3.2405
0.9487530967388325,3.2416
0.9484790490545354,3.2428
0.9482050013702382,3.244
0.9479309536859412,3.2451
0.9476569060016441,3.2463
0.947382844614963,3.2474
0.947108796930666,3.2485
0.9468347766511372,3.2497
0.9465607015620718,3.2508
0.9462866538777748,3.2519
0.9460126198958617,3.2529
0.9457385722115647,3.2539
0.9454645108248835,3.2549
0.9451904768429705,3.256
0.9449164291586735,3.257
0.9446423814743764,3.2581
0.9443683200876952,3.2591
0.9440942861057823,3.2602
0.9438202384214852,3.2613
0.9435461907371882,3.2623
0.9432721430528911,3.2634
0.942998095368594,3.2643
0.942724047684297,3.2653
0.9424499999999999,3.2663
0.9421759523157028,3.2673
0.9419019046314058,3.2682
0.9416278432447246,3.2691
0.9413538092628115,3.2701
0.9410797615785145,3.2711
0.9408057001918334,3.272
0.9405316662099203,3.273
0.9402576048232393,3.2739
0.9399835845437106,3.2749
0.9397095094546452,3.2759
0.9394354617703481,3.2768
0.939161427788435,3.2777
0.9388873938065222,3.2786
0.9386133187174568,3.2796
0.9383392847355438,3.2804
0.9380652370512468,3.2812
0.9377911756645656,3.282
0.9375171279802685,3.2829
0.9372431077007398,3.2838
0.9369690600164428,3.2846
0.9366949986297615,3.2855
0.9364209372430803,3.2863
0.9361469169635516,3.2872
0.9358728555768703,3.2882
0.9355988078925732,3.289
0.9353247739106604,3.2898
0.935050698821595,3.2906
0.9347766648396819,3.2915
0.9345026171553849,3.2923
0.9342285694710878,3.293
0.9339545217867907,3.2937
0.9336804741024937,3.2945
0.9334064127158126,3.2953
0.9331323513291312,3.2961
0.9328583310496025,3.2968
0.9325842696629213,3.2976
0.9323102493833926,3.2984
0.9320362016990955,3.2992
0.9317621403124142,3.3
0.9314880926281172,3.3008
0.931214031241436,3.3015
0.930939997259523,3.3022
0.930665949575226,3.303
0.9303919018909289,3.3036
0.9301178405042477,3.3043
0.9298438065223348,3.3051
0.9295697451356536,3.3057
0.9292957248561249,3.3063
0.9290216634694435,3.307
0.9287476157851464,3.3077
0.9284735543984654,3.3084
0.9281995204165523,3.309
0.9279254727322552,3.3097
0.9276514387503425,3.3105
0.9273773636612771,3.3112
0.927103329679364,3.3118
0.926829268292683,3.3125
0.9265552206083859,3.3131
0.9262811866264729,3.3138
0.9260071389421758,3.3144
0.9257330912578787,3.315
0.9254590435735817,3.3155
0.9251850095916688,3.3161
0.9249109345026034,3.3167
0.9246368868183064,3.3173
0.9243628665387776,3.318
0.9240887914497122,3.3185
0.9238147711701835,3.3192
0.9235407234858865,3.3197
0.9232666620992052,3.3204
0.9229926144149081,3.321
0.9227185530282269,3.3216
0.9224445190463139,3.3221
0.9221704850644011,3.3227
0.9218964099753357,3.3233
0.921622389695807,3.3237
0.9213483146067416,3.3242
0.9210742532200602,3.3248
0.9208002329405315,3.3253
0.9205261989586188,3.3258
0.9202521238695534,3.3265
0.9199780761852563,3.3269
0.9197040285009591,3.3274
0.919429980816662,3.328
0.919155933132365,3.3286
0.9188818854480679,3.3291
0.918607851466155,3.3296
0.9183337900794738,3.3301
0.9180597697999451,3.3306
0.9177857084132638,3.3311
0.9175116607289667,3.3316
0.9172376267470539,3.3319
0.9169635653603726,3.3324
0.9166895039736914,3.3329
0.9164154836941627,3.3333
0.9161414360098656,3.3338
0.9158673746231842,3.3342
0.9155933132365032,3.3347
0.9153192792545901,3.3353
0.915045217867909,3.3358
0.914771183885996,3.3362
0.9144971499040833,3.3367
0.9142230885174019,3.3371
0.9139490408331048,3.3375
0.9136749931488077,3.3379
0.9134009317621266,3.3382
0.9131268977802136,3.3386
0.9128528500959165,3.3391
0.9125788024116195,3.3395
0.9123047410249383,3.3399
0.912030679638257,3.3403
0.9117566593587283,3.3407
0.9114826253768155,3.3412
0.9112085639901342,3.3417
0.910934502603453,3.3421
0.91066046862154,3.3425
0.9103864072348589,3.3429
0.9101123595505618,3.3432
0.9098383255686489,3.3437
0.9095642778843517,3.344
0.9092902164976706,3.3443
0.9090161825157576,3.3447
0.9087421348314605,3.345
0.9084681008495478,3.3454
0.9081940394628664,3.3457
0.9079199917785693,3.3461
0.9076459577966566,3.3465
0.9073719101123594,3.3469
0.9070978487256781,3.3473
0.9068237873389969,3.3477
0.9065497670594682,3.3481
0.9062757193751712,3.3484
0.9060016579884899,3.3488
0.9057275966018087,3.3492
0.9054535626198957,3.3495
0.9051795149355987,3.3499
0.9049054535489175,3.3501
0.9046314332693888,3.3505
0.9043573718827075,3.3508
0.9040833104960263,3.3511
0.9038092765141134,3.3515
0.9035352151274322,3.3518
0.9032611948479035,3.3522
0.9029871334612221,3.3525
0.9027130583721567,3.3529
0.9024390243902439,3.3533
0.9021649904083309,3.3537
0.9018909290216498,3.354
0.9016168950397367,3.3543
0.9013428336530557,3.3546
0.9010687859687586,3.3549
0.9007947656892298,3.3551
0.9005206768977801,3.3554
0.9002466429158673,3.3558
0.8999725952315702,3.3561
0.8996985612496573,3.3564
0.8994245135653602,3.3567
0.8991504658810632,3.3571
0.8988764181967661,3.3575
0.898602370512469,3.3579
0.898328322828172,3.3582
0.8980542751438749,3.3585
0.8977802137571936,3.3588
0.8975061660728966,3.3591
0.8972321320909837,3.3595
0.8969580570019183,3.3598
0.8966840504247738,3.3599
0.8964099753357083,3.3602
0.8961359276514113,3.3605
0.8958619073718826,3.3609
0.8955878322828171,3.3612
0.8953137983009042,3.3615
0.8950397643189915,3.3619
0.8947656892299259,3.3622
0.8944916689503972,3.3626
0.8942176075637159,3.3629
0.8939435461770348,3.3632
0.8936694984927377,3.3636
0.8933954508084405,3.3639
0.8931214031241435,3.3642
0.8928473828446148,3.3643
0.8925733077555493,3.3646
0.8922992737736365,3.365
0.8920252260893394,3.3653
0.8917511647026581,3.3656
0.8914771307207453,3.3659
0.8912030830364482,3.3662
0.890929021649767,3.3667
0.8906549876678541,3.367
0.8903809399835569,3.3673
0.8901068785968758,3.3676
0.8898328583173472,3.3679
0.8895587969306658,3.3682
0.8892847492463687,3.3685
0.8890106878596875,3.3687
0.8887366401753904,3.369
0.8884626061934775,3.3693
0.8881885585091804,3.3696
0.8879145108248834,3.37
0.8876404494382022,3.3702
0.8873664154562892,3.3706
0.8870923677719922,3.3709
0.8868183200876951,3.3712
0.8865442724033981,3.3717
0.886270224719101,3.3719
0.8859961770348039,3.3723
0.8857221293505069,3.3726
0.8854480816662098,3.373
0.8851740339819127,3.3732
0.8848999725952315,3.3734
0.8846259523157028,3.3737
0.8843518909290216,3.374
0.8840778295423403,3.3743
0.8838038092628117,3.3746
0.8835297478761303,3.3749
0.8832556864894491,3.3753
0.882981638805152,3.3756
0.8827076185256234,3.376
0.882433557138942,3.3764
0.8821595094546449,3.3767
0.8818854754727322,3.377
0.8816114140860508,3.3773
0.881337380104138,3.3776
0.8810633324198409,3.3778
0.8807892573307755,3.3781
0.8805152096464783,3.3784
0.8802411893669497,3.3787
0.8799671142778842,3.379
0.8796930939983556,3.3793
0.8794190326116743,3.3796
0.8791449849273772,3.38
0.8788709509454644,3.3803
0.8785969032611674,3.3807
0.8783228281721018,3.381
0.878048794190189,3.3814
0.8777747465058918,3.3817
0.8775006851192106,3.382
0.8772266374349136,3.3823
0.8769526034530006,3.3826
0.8766785557687036,3.3828
0.8764044943820224,3.3831
0.8761304604001094,3.3834
0.8758564127158124,3.3837
0.8755823650315153,3.3841
0.8753083173472183,3.3844
0.8750342833653054,3.3846
0.8747602219786241,3.385
0.8744861742943271,3.3853
0.8742121129076458,3.3857
0.8739380789257329,3.3861
0.8736640312414359,3.3864
0.8733899698547546,3.3867
0.8731159358728418,3.387
0.8728418881885447,3.3873
0.8725678405042476,3.3876
0.8722937928199506,3.3878
0.8720197451356535,3.3881
0.8717456700465881,3.3884
0.8714716497670594,3.3887
0.8711976020827622,3.389
0.8709235681008495,3.3893
0.8706495067141681,3.3897
0.8703754453274869,3.39
0.8701013976431898,3.3903
0.8698273773636612,3.3907
0.8695533159769798,3.391
0.8692792682926828,3.3914
0.8690052069060016,3.3917
0.8687311866264729,3.392
0.8684571115374075,3.3923
0.8681830912578787,3.3926
0.8679090298711974,3.3929
0.8676349821869004,3.3931
0.8673609208002191,3.3934
0.867086873115922,3.3937
0.8668128528363934,3.394
0.8665387914497121,3.3943
0.8662647300630308,3.3946
0.865990696081118,3.395
0.8657166483968209,3.3953
0.8654426007125239,3.3957
0.865168566730611,3.396
0.864894519046314,3.3963
0.8646204439572485,3.3966
0.8643463962729514,3.3969
0.8640723759934228,3.3972
0.8637983009043573,3.3975
0.8635242532200602,3.3977
0.8632502329405316,3.398
0.8629761578514661,3.3983
0.8627021238695531,3.3986
0.8624280898876403,3.3989
0.8621540422033432,3.3993
0.861879980816662,3.3996
0.8616059194299808,3.4
0.8613318580432995,3.4004
0.8610578377637708,3.4006
0.8607837900794737,3.401
0.8605097423951766,3.4013
0.8602356810084953,3.4016
0.8599616607289667,3.4018
0.8596875993422854,3.402
0.85941352425322,3.4024
0.8591395039736913,3.4027
0.8588654562893943,3.4029
0.8585914086050972,3.4033
0.8583173472184159,3.4036
0.8580433269388873,3.4039
0.8577692655522059,3.4043
0.8574952178679088,3.4046
0.8572211564812277,3.405
0.8569471224993147,3.4052
0.8566730748150176,3.4056
0.8563990271307206,3.4059
0.8561249794464235,3.4061
0.8558509317621265,3.4065
0.8555768840778294,3.4067
0.8553028363935323,3.4069
0.8550288024116195,3.4072
0.854754727322554,3.4075
0.8544806796382569,3.4078
0.8542066456563441,3.4082
0.853932597972047,3.4085
0.8536585365853657,3.4087
0.8533845163058371,3.4091
0.8531104549191558,3.4095
0.8528364072348588,3.4098
0.8525623732529459,3.4101
0.8522883255686489,3.4104
0.8520142641819675,3.4107
0.8517402027952863,3.411
0.8514661688133733,3.4113
0.8511921074266922,3.4115
0.8509180734447792,3.4118
0.8506440257604821,3.4121
0.8503699780761851,3.4124
0.8500959440942724,3.4126
0.849821882707591,3.413
0.8495478213209098,3.4133
0.8492737873389968,3.4137
0.8489997396546998,3.414
0.8487256919704027,3.4143
0.8484516305837214,3.4147
0.8481775966018086,3.415
0.8479035626198957,3.4152
0.8476295012332145,3.4155
0.8473554535489174,3.4158
0.8470814058646203,3.416
0.846807344477939,3.4163
0.8465333241984104,3.4165
0.8462592491093449,3.4169
0.8459852014250479,3.4172
0.8457111537407508,3.4175
0.8454371060564537,3.4178
0.8451630720745408,3.4182
0.8448890243902437,3.4185
0.8446149630035625,3.4188
0.8443409290216496,3.4191
0.8440668676349684,3.4195
0.8437928336530555,3.4198
0.8435187996711427,3.4201
0.8432447382844613,3.4203
0.8429706906001643,3.4205
0.8426966429158672,3.4208
0.8424226089339544,3.4211
0.8421485475472731,3.4214
0.8418744861605918,3.4217
0.841600452178679,3.4219
0.8413264044943819,3.4222
0.8410523568100848,3.4226
0.8407782954234035,3.423
0.8405042614414907,3.4232
0.8402302274595779,3.4236
0.8399561660728966,3.4239
0.8396821320909837,3.4242
0.8394080844066867,3.4245
0.8391340367223896,3.4248
0.8388599616333241,3.4251
0.8385859413537955,3.4253
0.8383118799671141,3.4256
0.838037832282817,3.4258
0.8377637708961359,3.4261
0.8374897506166072,3.4264
0.8372156892299258,3.4267
0.8369416415456288,3.427
0.8366675801589476,3.4273
0.8363935324746505,3.4276
0.8361194847903535,3.4279
0.8358454371060563,3.4283
0.8355713757193751,3.4286
0.8352973554398464,3.429
0.8350233077555493,3.4292
0.8347492600712523,3.4295
0.8344752260893394,3.4298
0.8342011510002739,3.4301
0.8339271170183611,3.4302
0.833653069334064,3.4305
0.8333790079473827,3.4309
0.8331049602630857,3.4311
0.8328309399835571,3.4314
0.8325568648944915,3.4317
0.8322828309125786,3.4321
0.8320087832282815,3.4324
0.8317347355439845,3.4327
0.8314606878596874,3.4331
0.8311866401753903,3.4334
0.8309125787887092,3.4336
0.8306385448067962,3.4339
0.8303645108248834,3.4342
0.830090435735818,3.4345
0.829816401753905,3.4347
0.829542354069608,3.435
0.8292682926829267,3.4352
0.8289942449986296,3.4355
0.8287201973143326,3.4358
0.8284461496300355,3.4361
0.8281721019457384,3.4364
0.8278980816662098,3.4367
0.8276240202795285,3.437
0.8273499451904631,3.4374
0.8270759386133186,3.4377
0.8268018909290216,3.438
0.8265278295423403,3.4383
0.8262537818580431,3.4386
0.825979734173746,3.4389
0.8257056727870649,3.4391
0.8254316114003836,3.4393
0.8251575774184707,3.4396
0.8248835297341737,3.4399
0.8246094683474924,3.4402
0.8243354343655795,3.4405
0.8240613866812825,3.4407
0.8237873664017538,3.4412
0.8235132913126884,3.4416
0.8232392573307754,3.4418
0.8229651959440941,3.4421
0.8226911756645655,3.4424
0.8224171279802684,3.4427
0.8221430665935872,3.443
0.8218690052069059,3.4432
0.8215949849273773,3.4435
0.8213209372430802,3.4437
0.8210468758563989,3.4441
0.8207728418744861,3.4443
0.8204987667854206,3.4446
0.8202247328035077,3.4448
0.8199506577144423,3.4452
0.8196766237325294,3.4455
0.8194025760482323,3.4459
0.8191285283639352,3.4462
0.8188544806796382,3.4465
0.8185804466977252,3.4468
0.8183063990134282,3.4471
0.8180323650315154,3.4473
0.8177582899424499,3.4475
0.8174842696629212,3.4478
0.8172101945738558,3.4481
0.8169361605919429,3.4484
0.8166621129076458,3.4486
0.8163880652233487,3.4489
0.8161140175390517,3.4493
0.8158399835571388,3.4495
0.8155659084680733,3.45
0.8152918607837762,3.4503
0.8150178268018634,3.4506
0.8147437928199506,3.4508
0.8144697314332693,3.4512
0.8141956563442039,3.4514
0.8139216497670594,3.4517
0.8136475746779939,3.4519
0.8133735406960809,3.4522
0.8130994793093997,3.4525
0.8128254453274868,3.4528
0.8125513839408056,3.4531
0.812277363661277,3.4533
0.8120033022745956,3.4536
0.8117292545902985,3.454
0.8114551932036174,3.4544
0.8111811455193203,3.4547
0.8109070978350232,3.455
0.8106330775554945,3.4553
0.8103590161688132,3.4556
0.8100849684845162,3.4558
0.8098109345026033,3.456
0.8095368594135378,3.4564
0.809262825431625,3.4566
0.8089887914497121,3.4568
0.8087147026582625,3.4571
0.8084406823787338,3.4574
0.808166648396821,3.4577
0.8078925733077554,3.4581
0.8076185393258426,3.4585
0.8073444916415455,3.4589
0.8070704439572484,3.4591
0.8067963962729513,3.4594
0.8065223622910386,3.4597
0.8062483009043572,3.46
0.8059742669224444,3.4603
0.805700205535763,3.4605
0.8054261441490819,3.4608
0.8051520964647848,3.461
0.8048780624828719,3.4613
0.804604028500959,3.4616
0.8043299534118936,3.4619
0.8040559331323649,3.4622
0.8037818717456836,3.4625
0.8035078103590023,3.4628
0.8032337763770895,3.4632
0.8029597149904082,3.4635
0.8026856810084954,3.4639
0.8024116333241983,3.4642
0.8021375856399012,3.4644
0.8018635242532199,3.4647
0.8015894902713071,3.465
0.8013154562893943,3.4652
0.8010414086050972,3.4655
0.8007673335160317,3.4658
0.8004932858317346,3.466
0.8002192381474376,3.4664
0.7999452041655246,3.4667
0.7996711427788434,3.467
0.7993970950945464,3.4674
0.7991230611126334,3.4678
0.7988490271307207,3.468
0.7985749657440393,3.4684
0.7983009180597422,3.4686
0.7980268566730611,3.469
0.7977528226911481,3.4692
0.7974787613044669,3.4694
0.797204727322554,3.4697
0.7969306933406411,3.47
0.7966566319539599,3.4703
0.796382597972047,3.4706
0.7961085228829815,3.4709
0.7958344751986844,3.4712
0.7955604412167716,3.4715
0.7952863935324745,3.4718
0.7950123458481775,3.4722
0.7947382844614962,3.4726
0.7944642367771991,3.4729
0.7941902027952862,3.4732
0.7939161551109891,3.4735
0.7936421074266921,3.4738
0.793368059742395,3.4741
0.7930939983557138,3.4743
0.7928199780761852,3.4745
0.7925459166895038,3.4748
0.7922718553028226,3.4752
0.7919978213209097,3.4754
0.7917237873389968,3.4758
0.7914497122499314,3.4761
0.7911756782680185,3.4764
0.7909016305837214,3.4768
0.7906275828994244,3.4771
0.7903535215127431,3.4775
0.7900794875308302,3.4778
0.7898054398465332,3.4781
0.7895313921622361,3.4784
0.7892573581803233,3.4787
0.7889833104960262,3.4789
0.7887092354069607,3.4793
0.7884352014250479,3.4795
0.7881611400383666,3.4798
0.7878870923540695,3.4801
0.7876130446697724,3.4804
0.7873389969854754,3.4807
0.7870649630035624,3.481
0.7867909153192654,3.4813
0.7865168539325842,3.4817
0.7862428199506712,3.4821
0.7859687585639901,3.4824
0.7856947245820771,3.4827
0.7854206631953959,3.4831
0.785146629213483,3.4833
0.7848725678268018,3.4836
0.7845985201425046,3.4839
0.7843244861605918,3.4841
0.7840504384762947,3.4845
0.7837764044943819,3.4847
0.7835023294053164,3.4851
0.7832282954234036,3.4853
0.7829542340367223,3.4857
0.7826802000548094,3.486
0.7824061523705124,3.4864
0.7821321183885995,3.4867
0.7818580570019182,3.4871
0.7815840093176211,3.4874
0.7813099753357083,3.4877
0.7810359002466428,3.488
0.7807618525623458,3.4883
0.7804877911756645,3.4886
0.7802137845985201,3.4888
0.7799397232118387,3.4892
0.7796656755275416,3.4894
0.7793916278432446,3.4898
0.7791175938613317,3.4901
0.7788435187722663,3.4904
0.7785694984927376,3.4907
0.7782954371060563,3.4911
0.7780213894217592,3.4915
0.777747328035078,3.4918
0.7774733077555493,3.4921
0.7771992600712523,3.4924
0.776925198684571,3.4927
0.7766511372978897,3.4929
0.7763771033159769,3.4932
0.7761030419292956,3.4935
0.7758289942449985,3.4938
0.7755549465607015,3.4941
0.7752809262811728,3.4944
0.7750068648944914,3.4947
0.7747328035078103,3.495
0.7744587558235132,3.4954
0.7741847218416003,3.4958
0.7739106741573032,3.4962
0.7736366264730061,3.4964
0.7733625924910934,3.4967
0.7730885448067963,3.4971
0.7728144697177308,3.4974
0.7725404220334338,3.4976
0.772266401753905,3.4978
0.7719923403672238,3.4982
0.7717182789805425,3.4984
0.7714442312962454,3.4987
0.7711701973143326,3.499
0.7708961359276513,3.4993
0.7706221156481227,3.4996
0.7703480405590571,3.4999
0.7700739928747601,3.5002
0.7697999588928472,3.5006
0.7695259112085502,3.5009
0.7692518772266373,3.5012
0.7689778158399561,3.5015
0.7687037681556589,3.5019
0.7684297341737462,3.5021
0.7681556727870648,3.5024
0.7678816114003836,3.5026
0.7676075774184706,3.5028
0.7673335160317895,3.5031
0.7670594683474924,3.5034
0.7667854069608111,3.5037
0.7665114003836667,3.504
0.7662373389969853,3.5042
0.7659633050150725,3.5045
0.7656892573307754,3.5048
0.7654152096464784,3.5052
0.7651411482597971,3.5055
0.7648670868731158,3.5057
0.7645930665935872,3.506
0.7643190052069059,3.5063
0.7640449575226088,3.5066
0.7637708961359275,3.5068
0.7634968758563989,3.5069
0.7632228007673334,3.5072
0.7629487667854206,3.5075
0.7626747328035077,3.5077
0.7624006714168264,3.508
0.7621266100301451,3.5082
0.7618525623458481,3.5085
0.7615785283639351,3.5089
0.7613044806796381,3.5091
0.7610304192929569,3.5094
0.7607563716086598,3.5096
0.7604823513291312,3.5099
0.7602082625376815,3.5101
0.7599342285557686,3.5102
0.7596601808714716,3.5103
0.7593861605919429,3.5106
0.7591120992052616,3.5109
0.7588380515209645,3.5111
0.7585639901342832,3.5113
0.7582899561523704,3.5116
0.7580159084680733,3.5118
0.7577418333790079,3.5121
0.7574678130994792,3.5124
0.7571937517127979,3.5126
0.7569197040285008,3.5129
0.756645670046588,3.5131
0.7563716086599067,3.5133
0.7560975746779939,3.5135
0.7558235269936967,3.5137
0.755549493011784,3.5138
0.7552754316251026,3.514
0.7550013565360372,3.5142
0.7547273362565085,3.5144
0.7544533022745957,3.5146
0.7541792408879143,3.5148
0.7539051657988489,3.515
0.7536311592217044,3.5153
0.7533570978350231,3.5156
0.7530830638531103,3.5158
0.752809002466429,3.516
0.752534954782132,3.5163
0.7522608796930665,3.5164
0.751986873115922,3.5166
0.7517127980268565,3.5167
0.7514387366401754,3.5169
0.7511647163606466,3.5171
0.7508906549739653,3.5173
0.7506166209920525,3.5175
0.7503425733077554,3.5177
0.7500685119210742,3.5179
0.7497944642367771,3.518
0.7495204302548641,3.5184
0.7492463825705671,3.5186
0.7489723211838859,3.5188
0.7486983009043573,3.519
0.7484242395176759,3.5192
0.7481501781309947,3.5194
0.7478761578514661,3.5195
0.747602110167169,3.5197
0.7473280487804876,3.5198
0.7470540147985748,3.52
0.7467799534118935,3.5202
0.7465059057275965,3.5204
0.7462318443409153,3.5206
0.7459578103590023,3.5208
0.745683748972321,3.521
0.7454097149904082,3.5212
0.7451356673061111,3.5214
0.7448616196218141,3.5216
0.7445875445327487,3.5219
0.74431352425322,3.5222
0.7440394628665387,3.5223
0.74376544258701,3.5225
0.7434913537955604,3.5227
0.7432173472184159,3.5229
0.7429432858317345,3.523
0.7426692518498218,3.5231
0.7423951767607563,3.5233
0.7421211564812277,3.5235
0.7418470813921622,3.5237
0.7415730611126335,3.5239
0.7412989723211838,3.524
0.7410249657440394,3.5243
0.7407509180597422,3.5246
0.7404768703754452,3.5249
0.7402028089887639,3.5251
0.7399287476020827,3.5252
0.7396547136201698,3.5254
0.7393806522334885,3.5257
0.7391066045491914,3.5258
0.7388325705672786,3.5261
0.7385585228829815,3.5262
0.7382844751986845,3.5262
0.7380104275143874,3.5264
0.7377363935324746,3.5266
0.7374623321457933,3.5268
0.737188270759112,3.5271
0.7369142367771991,3.5273
0.736640189092902,3.5275
0.7363661414086049,3.5278
0.7360920937243078,3.528
0.7358180323376267,3.5282
0.7355439983557137,3.5284
0.7352699506714166,3.5286
0.7349958892847355,3.5288
0.7347218690052069,3.529
0.7344478076185255,3.5291
0.7341737462318443,3.5293
0.7338996985475472,3.5295
0.7336256782680185,3.5297
0.7333516031789531,3.5299
0.7330775554946559,3.5301
0.7328035352151273,3.5303
0.732529473828446,3.5306
0.7322554124417647,3.5309
0.7319813784598519,3.5311
0.7317073170731706,3.5313
0.7314332693888735,3.5315
0.7311592217045765,3.5317
0.7308852014250479,3.5319
0.7306111400383666,3.5321
0.7303370923540694,3.5321
0.7300630446697723,3.5324
0.7297889969854753,3.5326
0.7295149493011782,3.5328
0.729240887914497,3.533
0.7289668539325841,3.5332
0.7286927788435187,3.5335
0.72841875856399,3.5337
0.7281446971773088,3.534
0.7278706631953958,3.5343
0.7275966018087147,3.5345
0.7273225815291859,3.5347
0.7270485064401205,3.5349
0.7267744724582076,3.5351
0.7265004247739105,3.5353
0.7262263770896135,3.5355
0.7259523294053164,3.5357
0.7256782680186351,3.5359
0.7254042340367223,3.5361
0.7251302000548094,3.5364
0.7248561386681281,3.5366
0.7245820772814469,3.5368
0.724308043299534,3.537
0.7240340093176212,3.5373
0.7237599479309398,3.5376
0.7234859002466427,3.5379
0.7232118525623457,3.5381
0.7229378048780486,3.5383
0.7226637571937515,3.5385
0.7223897095094545,3.5389
0.7221156755275417,3.539
0.7218416004384762,3.5391
0.7215675527541792,3.5394
0.7212935187722662,3.5396
0.7210194847903534,3.5399
0.7207454234036721,3.5401
0.7204713620169908,3.5403
0.7201973143326937,3.5406
0.7199232666483967,3.5409
0.7196492463688681,3.5413
0.719375198684571,3.5415
0.7191011510002739,3.5418
0.7188270759112084,3.542
0.7185530419292956,3.5423
0.7182789805426143,3.5425
0.7180049465607015,3.5427
0.7177308851740202,3.5429
0.7174568374897231,3.5432
0.7171828035078102,3.5434
0.7169087558235131,3.5437
0.716634708139216,3.5439
0.716360660454919,3.5442
0.7160866264730062,3.5444
0.7158125650863248,3.5448
0.7155385174020278,3.5452
0.7152644560153466,3.5454
0.7149904357358179,3.5457
0.7147163743491366,3.546
0.7144423129624554,3.5462
0.7141682926829267,3.5465
0.7138942449986296,3.5467
0.7136201836119483,3.5469
0.713346122225267,3.5473
0.71307207454097,3.5475
0.7127980405590572,3.5478
0.7125239791723759,3.5481
0.712249945190463,3.5483
0.7119758838037817,3.5487
0.7117018498218689,3.5491
0.7114278021375718,3.5494
0.711153768155659,3.5497
0.7108797067689776,3.55
0.7106056453822964,3.5503
0.7103315976979994,3.5505
0.7100575500137023,3.5507
0.7097835297341737,3.551
0.7095094820498766,3.5513
0.7092354206631952,3.5516
0.708961359276514,3.5519
0.708687311592217,3.5522
0.7084132639079199,3.5525
0.7081392436283912,3.5529
0.7078651685393258,3.5533
0.7075911482597971,3.5536
0.7073170731707316,3.5539
0.7070430391888187,3.5542
0.7067689778021374,3.5545
0.7064949301178404,3.5548
0.7062208961359275,3.555
0.7059468347492462,3.5553
0.7056728007673334,3.5556
0.7053987530830363,3.5559
0.7051247191011235,3.5562
0.7048506577144422,3.5566
0.704576610030145,3.5569
0.704302562345848,3.5573
0.7040285283639353,3.5577
0.7037544669772539,3.5581
0.7034804055905727,3.5584
0.7032063716086597,3.5587
0.7029323102219786,3.559
0.7026582625376815,3.5593
0.7023842422581529,3.5597
0.7021101945738557,3.56
0.7018361331871744,3.5602
0.7015620718004932,3.5605
0.7012880515209645,3.5608
0.7010139901342832,3.5611
0.7007399561523704,3.5614
0.7004658947656891,3.5618
0.700191847081392,3.5621
0.699917799397095,3.5625
0.6996437243080296,3.5629
0.6993697040285008,3.5633
0.6990956426418196,3.5636
0.6988216086599067,3.564
0.6985475746779939,3.5643
0.6982734995889284,3.5646
0.6979994656070154,3.5649
0.6977254179227184,3.5653
0.6974513702384213,3.5655
0.6971773225541242,3.5658
0.6969032611674431,3.5661
0.6966292271855301,3.5664
0.6963551657988489,3.5668
0.696081131816936,3.5671
0.6958070704302548,3.5674
0.6955330501507261,3.5677
0.6952589887640448,3.5681
0.6949849273773636,3.5685
0.6947108796930664,3.5689
0.6944368457111536,3.5692
0.6941627980268565,3.5695
0.6938887503425595,3.5699
0.6936146889558782,3.5702
0.6933406412715811,3.5705
0.6930665935872841,3.5707
0.6927925596053712,3.571
0.6925184982186899,3.5713
0.6922444642367771,3.5716
0.69197041655248,3.572
0.6916963551657987,3.5723
0.6914223074815017,3.5726
0.6911482872019731,3.5729
0.6908742258152917,3.5733
0.690600191833379,3.5737
0.6903261167443134,3.5741
0.6900520827624005,3.5744
0.6897780350781034,3.5747
0.6895040010961906,3.575
0.6892299260071252,3.5753
0.6889558920252122,3.5755
0.6886818443409152,3.5758
0.6884077829542339,3.5761
0.688133748972321,3.5764
0.687859701288024,3.5768
0.6875856673061111,3.5771
0.6873116196218141,3.5774
0.6870375445327486,3.5777
0.6867634968484515,3.5781
0.6864894628665387,3.5784
0.6862154151822416,3.5787
0.6859413537955603,3.579
0.6856673061112633,3.5794
0.6853932858317346,3.5797
0.6851192107426691,3.58
0.6848451767607562,3.5803
0.684571115374075,3.5805
0.684297081392162,3.5807
0.684023033707865,3.581
0.6837489860235679,3.5814
0.6834749383392709,3.5816
0.6832008906549738,3.5819
0.6829268292682926,3.5822
0.6826528089887639,3.5826
0.6823787338996985,3.5829
0.6821046862154014,3.5833
0.6818306522334885,3.5836
0.6815566182515757,3.5839
0.681282529460126,3.5842
0.6810085091805973,3.5845
0.6807344751986845,3.5847
0.680460400109619,3.5849
0.6801863524253219,3.5851
0.6799123321457933,3.5854
0.6796382844614962,3.5858
0.6793642230748149,3.5861
0.6790901616881336,3.5864
0.6788161140038366,3.5867
0.6785420800219236,3.587
0.6782680323376266,3.5873
0.6779939572485612,3.5877
0.6777199369690324,3.5879
0.677445861879967,3.5883
0.6771718416004383,3.5885
0.6768977802137571,3.5888
0.6766237462318442,3.589
0.6763496985475471,3.5892
0.67607565086325,3.5895
0.6758016168813372,3.5899
0.6755275417922717,3.5901
0.6752534941079746,3.5904
0.6749794464236776,3.5906
0.6747054124417647,3.591
0.6744313784598519,3.5914
0.6741573170731706,3.5917
0.6738832693888736,3.5919
0.6736092217045765,3.5922
0.6733351740202794,3.5925
0.673061098931214,3.5928
0.6727870649493011,3.593
0.6725130309673881,3.5932
0.6722389969854754,3.5934
0.6719649493011783,3.5937
0.6716909016168813,3.594
0.6714168265278158,3.5943
0.6711427925459028,3.5946
0.6708687448616057,3.5949
0.6705946834749246,3.5953
0.6703206494930116,3.5956
0.6700465881063304,3.5958
0.6697725541244175,3.5962
0.6694985201425047,3.5964
0.6692244587558234,3.5967
0.6689503973691421,3.5969
0.668676349684845,3.5971
0.6684023157029322,3.5973
0.6681282680186351,3.5976
0.6678542203343381,3.5979
0.667580172650041,3.5982
0.6673061112633597,3.5985
0.6670320635790626,3.5988
0.666758043299534,3.599
0.6664839819128527,3.5995
0.6662099342285556,3.5998
0.6659358728418744,3.6001
0.6656618251575773,3.6003
0.6653878048780487,3.6006
0.6651137571937517,3.6009
0.6648396958070703,3.6011
0.6645656618251575,3.6013
0.6642916004384761,3.6017
0.6640175664565634,3.6019
0.6637435187722662,3.6022
0.6634694436832008,3.6024
0.6631954234036721,3.6027
0.662921375719375,3.603
0.662647328035078,3.6035
0.6623732529460125,3.6037
0.6620992326664839,3.604
0.6618251575774183,3.6043
0.6615511235955055,3.6046
0.6612770622088242,3.6049
0.6610030419292956,3.6051
0.6607289668402301,3.6053
0.660454919155933,3.6056
0.6601808851740202,3.6059
0.6599068511921073,3.6061
0.6596327761030418,3.6064
0.6593587421211289,3.6067
0.6590846944368318,3.607
0.6588106330501506,3.6074
0.6585365853658536,3.6077
0.6582625376815565,3.6081
0.6579884899972595,3.6083
0.6577144423129624,3.6086
0.6574404083310494,3.6089
0.6571663469443683,3.6092
0.6568923266648395,3.6094
0.6566182652781583,3.6096
0.6563442175938612,3.6099
0.6560701562071799,3.6101
0.6557961359276513,3.6105
0.6555220608385858,3.6108
0.6552480131542887,3.611
0.6549739928747601,3.6114
0.6546999314880788,3.6118
0.6544258838037817,3.6121
0.6541518224171005,3.6124
0.6538777884351876,3.6127
0.6536037270485063,3.613
0.6533296793642093,3.6133
0.6530556453822963,3.6135
0.6527815976979993,3.6137
0.6525075226089339,3.614
0.652233488627021,3.6142
0.6519594683474924,3.6145
0.651685406960811,3.6148
0.6514113729788983,3.6151
0.6511373115922169,3.6155
0.6508632502055357,3.6159
0.6505892025212386,3.6162
0.6503151685393257,3.6165
0.6500411345574129,3.6168
0.6497670731707316,3.6171
0.6494930254864345,3.6174
0.6492189640997532,3.6176
0.6489449438202246,3.6178
0.6486708824335433,3.6181
0.648396821046862,3.6184
0.6481227870649492,3.6187
0.6478487393806521,3.619
0.6475746916963551,3.6193
0.6473006577144422,3.6196
0.6470265826253767,3.62
0.6467525349410796,3.6203
0.646478514661551,3.6206
0.6462044258701013,3.6209
0.6459303918881885,3.6212
0.6456563442038914,3.6215
0.6453823102219785,3.6217
0.6451082625376814,3.622
0.6448342011510002,3.6222
0.6445601671690873,3.6226
0.6442861194847902,3.6228
0.644012058098109,3.6231
0.6437380241161961,3.6234
0.643463976431899,3.6238
0.6431899150452177,3.6241
0.6429158810633049,3.6245
0.642641847081392,3.6248
0.6423677719923265,3.6251
0.6420937243080295,3.6254
0.6418197040285009,3.6257
0.6415456289394353,3.6258
0.6412715949575225,3.6261
0.6409975472732254,3.6264
0.6407234995889284,3.6267
0.6404494519046312,3.627
0.6401754179227185,3.6272
0.6399013702384214,3.6275
0.63962730885174,3.6278
0.6393532474650588,3.6283
0.6390792271855302,3.6286
0.6388051520964647,3.6289
0.6385311044121676,3.6292
0.6382570567278706,3.6295
0.6379830090435735,3.6298
0.6377089613592765,3.63
0.6374349273773635,3.6302
0.6371608796930665,3.6304
0.636886804604001,3.6308
0.6366127843244723,3.6311
0.6363387366401753,3.6313
0.6360646889558782,3.6317
0.6357906412715811,3.632
0.6355165798848998,3.6323
0.6352425322006028,3.6327
0.6349685119210742,3.633
0.6346944505343929,3.6333
0.6344204028500958,3.6336
0.6341463551657986,3.6339
0.6338723074815016,3.6341
0.6335982460948204,3.6344
0.6333242258152918,3.6346
0.6330501644286104,3.6349
0.6327761167443133,3.6351
0.6325020690600163,3.6355
0.6322279939709509,3.6358
0.6319539736914221,3.636
0.6316799260071251,3.6364
0.631405878322828,3.6368
0.631131830638531,3.6371
0.6308577829542339,3.6373
0.6305837215675526,3.6377
0.6303096738832555,3.6379
0.6300356399013427,3.6382
0.6297615922170456,3.6384
0.6294875308303644,3.6386
0.6292134831460673,3.6389
0.6289394491641545,3.6392
0.6286654014798574,3.6395
0.6283913674979446,3.6398
0.6281173198136475,3.6401
0.627843244724582,3.6403
0.627569210742669,3.6408
0.627295163058372,3.6411
0.6270210879693066,3.6414
0.6267470676897778,3.6417
0.6264730063030967,3.642
0.6261989586187996,3.6423
0.6259249109345025,3.6425
0.6256508769525896,3.6428
0.6253768292682925,3.6429
0.6251027678816113,3.6432
0.6248287201973143,3.6435
0.6245546862154013,3.6438
0.62428062482872,3.644
0.6240065908468072,3.6444
0.6237325157577418,3.6446
0.6234584817758289,3.645
0.623184447793916,3.6453
0.6229103864072347,3.6457
0.6226363524253219,3.6459
0.6223623047410248,3.6462
0.6220882433543435,3.6465
0.6218141956700465,3.6468
0.6215401616881336,3.6471
0.6212661003014524,3.6473
0.6209920526171553,3.6475
0.6207180323376267,3.6478
0.6204439709509453,3.6481
0.6201699232666482,3.6483
0.619895861879967,3.6486
0.6196218278980541,3.6489
0.6193477665113729,3.6492
0.61907373252946,3.6494
0.6187996848451629,3.6498
0.6185256508632501,3.6502
0.6182515894765688,3.6505
0.6179775280898876,3.6508
0.6177034667032063,3.6511
0.6174294190189092,3.6514
0.6171553987393805,3.6516
0.6168813510550835,3.6518
0.616607275966018,3.6521
0.6163332556864893,3.6523
0.6160592217045765,3.6526
0.6157851603178952,3.6528
0.6155111126335981,3.6532
0.6152370786516853,3.6536
0.614963017265004,3.6539
0.6146889695807068,3.6543
0.6144149081940257,3.6546
0.6141408742121127,3.6549
0.6138668402302,3.6551
0.6135927651411345,3.6554
0.6133187448616059,3.6557
0.6130446834749245,3.6559
0.6127706083858591,3.6561
0.612496560701562,3.6564
0.6122225541244175,3.6568
0.6119484927377362,3.657
0.6116744450534392,3.6573
0.6114004110715263,3.6577
0.6111263359824608,3.658
0.6108523157029322,3.6584
0.6105782680186351,3.6587
0.6103041929295696,3.6591
0.6100301452452725,3.6594
0.6097561112633597,3.6596
0.6094820635790626,3.6599
0.6092080021923814,3.6601
0.6089339819128528,3.6603
0.6086599068237872,3.6606
0.6083858591394902,3.661
0.6081118114551931,3.6613
0.6078377774732802,3.6616
0.6075637297889831,3.6619
0.607289682104686,3.6622
0.6070156207180049,3.6625
0.6067416004384762,3.6628
0.6064675527541792,3.6632
0.6061934913674978,3.6636
0.6059194436832007,3.6639
0.6056454097012879,3.6642
0.6053713483146066,3.6645
0.6050973143326938,3.6649
0.6048232529460125,3.6651
0.6045492052617154,3.6653
0.6042751438750341,3.6656
0.6040011098931213,3.666
0.6037270622088242,3.6662
0.6034530008221429,3.6666
0.6031789668402301,3.6669
0.602904919155933,3.6672
0.6026308851740202,3.6675
0.6023568374897231,3.668
0.6020827761030417,3.6683
0.6018087147163605,3.6686
0.6015346944368319,3.669
0.6012606330501505,3.6693
0.6009865990682378,3.6696
0.6007125239791723,3.6699
0.6004384762948752,3.6702
0.6001644423129623,3.6704
0.5998903946286652,3.6707
0.5996163469443682,3.671
0.599342285557687,3.6714
0.5990682378733899,3.6717
0.5987941901890929,3.672
0.5985201699095641,3.6723
0.5982460948204986,3.6727
0.59797207454097,3.6731
0.597698026856673,3.6734
0.5974239654699917,3.6738
0.5971499177856946,3.6741
0.5968758426966292,3.6744
0.5966018361194847,3.6746
0.5963277747328034,3.6749
0.5960537407508906,3.6752
0.595779665661825,3.6755
0.595505617977528,3.6759
0.5952315702932309,3.6762
0.5949575500137023,3.6765
0.5946834886270209,3.6769
0.5944094272403397,3.6773
0.5941353932584268,3.6777
0.5938613592765141,3.678
0.5935872978898327,3.6783
0.5933132502055356,3.6786
0.5930392025212385,3.679
0.5927651685393257,3.6792
0.5924910934502603,3.6794
0.5922170594683474,3.6797
0.5919430254864345,3.6801
0.5916689640997532,3.6805
0.5913949027130719,3.6807
0.5911208687311591,3.6811
0.5908468347492463,3.6814
0.590572773362565,3.6819
0.5902987256782679,3.6822
0.5900246779939708,3.6825
0.5897506303096738,3.6828
0.5894765826253767,3.6832
0.5892025349410795,3.6835
0.5889284872567825,3.6838
0.5886544395724854,3.6841
0.5883803781858042,3.6844
0.5881063442038913,3.6846
0.5878322965195942,3.685
0.5875582488352972,3.6853
0.587284187448616,3.6856
0.5870101397643189,3.6859
0.5867360783776376,3.6863
0.5864620580981089,3.6867
0.5861880104138119,3.6871
0.5859139627295148,3.6874
0.585639928747602,3.6877
0.5853658536585364,3.6881
0.5850918333790078,3.6884
0.5848177856947108,3.6886
0.5845437380104137,3.6889
0.5842696629213482,3.6892
0.5839956289394354,3.6895
0.5837215949575225,3.6898
0.583447519868457,3.6901
0.5831734995889284,3.6904
0.5828994244998629,3.6908
0.5826253631131817,3.6912
0.5823513428336529,3.6916
0.5820772951493558,3.6919
0.5818032474650587,3.6922
0.5815291723759933,3.6925
0.5812551520964646,3.6928
0.5809810907097834,3.6932
0.5807070567278705,3.6935
0.5804330090435734,3.6938
0.5801589750616606,3.6941
0.5798848999725952,3.6944
0.5796108522882981,3.6946
0.5793368046040009,3.6949
0.5790627569197039,3.6952
0.5787887092354068,3.6956
0.5785146615511098,3.6958
0.5782406275691969,3.6961
0.5779665935872841,3.6966
0.5776925184982186,3.6969
0.5774184708139215,3.6973
0.5771444505343929,3.6976
0.5768704028500958,3.6979
0.5765963414634145,3.6983
0.5763222937791174,3.6985
0.5760482323924362,3.6988
0.5757741984105232,3.699
0.5755001507262262,3.6993
0.5752261030419291,3.6997
0.5749520416552479,3.7
0.5746779939709509,3.7003
0.5744039462866538,3.7006
0.5741299123047409,3.7009
0.573855878322828,3.7013
0.5735818032337626,3.7016
0.5733077555494656,3.702
0.5730337215675526,3.7023
0.5727596875856398,3.7026
0.5724856261989585,3.7029
0.5722115922170457,3.7032
0.5719375171279801,3.7036
0.5716634831460673,3.7038
0.571389421759386,3.7041
0.5711153740750889,3.7043
0.5708413400931761,3.7046
0.570567292408879,3.705
0.5702932310221978,3.7052
0.5700192107426691,3.7055
0.5697451219512195,3.7059
0.5694710879693066,3.7062
0.5691970539873936,3.7066
0.5689229926007124,3.7069
0.5686489449164154,3.7072
0.5683749109345024,3.7076
0.5681008632502054,3.7079
0.5678268292682926,3.7081
0.5675527678816112,3.7083
0.5672787201973142,3.7086
0.5670046725130171,3.7089
0.5667306111263359,3.7092
0.5664565634420388,3.7095
0.5661825294601259,3.7098
0.5659084954782131,3.7102
0.5656344340915318,3.7105
0.5653603727048505,3.7109
0.5650863524253219,3.7112
0.5648122910386406,3.7115
0.5645382296519593,3.7118
0.5642641819676623,3.7122
0.5639901479857494,3.7124
0.5637160865990681,3.7127
0.5634420526171552,3.7129
0.563167991230474,3.7132
0.562893943546177,3.7136
0.5626198958618799,3.7138
0.5623458755823513,3.7142
0.5620718141956699,3.7144
0.5617977802137571,3.7149
0.5615237188270757,3.7152
0.5612496574403946,3.7156
0.5609756097560975,3.7158
0.5607015757741846,3.7162
0.5604275417922717,3.7165
0.5601534804055904,3.7167
0.5598794327212934,3.7169
0.5596053850369963,3.7172
0.5593313510550835,3.7176
0.559057275966018,3.7179
0.5587832282817209,3.7182
0.558509194299808,3.7185
0.5582351329131268,3.7188
0.5579610989312139,3.7191
0.5576870375445326,3.7195
0.5574130035626198,3.7199
0.5571389421759385,3.7202
0.5568648944916414,3.7205
0.5565908605097285,3.7209
0.5563168265278158,3.7212
0.5560427651411344,3.7215
0.5557687174568373,3.7218
0.5554946834749246,3.7221
0.5552206083858591,3.7223
0.5549465744039461,3.7226
0.5546725404220333,3.7229
0.5543984653329679,3.7232
0.5541244313510549,3.7235
0.5538503836667579,3.7238
0.5535763359824608,3.7241
0.553302302000548,3.7245
0.5530282406138667,3.7248
0.5527541929295696,3.7252
0.5524801452452726,3.7255
0.5522060975609755,3.7259
0.5519320361742942,3.7262
0.5516579884899971,3.7265
0.5513839545080843,3.7268
0.551109893121403,3.7272
0.550835845437106,3.7274
0.5505618114551931,3.7276
0.550287763770896,3.728
0.550013716086599,3.7283
0.5497396409975335,3.7285
0.5494656207180049,3.7289
0.5491915730337078,3.7292
0.548917539051795,3.7295
0.5486434639627294,3.7299
0.5483694299808166,3.7304
0.5480953685941353,3.7307
0.5478213346122225,3.731
0.5475472732255412,3.7313
0.5472732529460125,3.7316
0.5469991915593313,3.7319
0.5467251438750342,3.7322
0.5464510687859687,3.7324
0.5461770485064401,3.7327
0.545903000822143,3.733
0.545628953137846,3.7334
0.5453548917511646,3.7337
0.5450808577692517,3.7341
0.5448067826801863,3.7344
0.5445327761030418,3.7347
0.5442587147163606,3.7351
0.5439846807344477,3.7355
0.5437106056453822,3.7358
0.5434365716634694,3.7361
0.5431625239791723,3.7365
0.542888462592491,3.7368
0.542614414908194,3.7371
0.5423403946286653,3.7373
0.542066333241984,3.7376
0.541792285557687,3.7379
0.5415182241710057,3.7382
0.5412441901890929,3.7386
0.5409701425047958,3.7389
0.5406961085228829,3.7392
0.5404220608385858,3.7395
0.5401479994519046,3.7399
0.5398739517676076,3.7404
0.5395999040833105,3.7407
0.5393258426966291,3.741
0.5390518087147164,3.7413
0.5387777610304193,3.7416
0.5385036996437379,3.742
0.5382296656618251,3.7422
0.5379555905727597,3.7425
0.5376815702932309,3.7428
0.5374075089065496,3.7431
0.5371334612222526,3.7434
0.5368594135379555,3.7437
0.5365853932584269,3.744
0.5363113318717456,3.7444
0.5360372841874486,3.7447
0.5357632228007673,3.7451
0.5354891751164702,3.7455
0.5352151411345574,3.7458
0.5349410797478761,3.7461
0.5346670457659632,3.7465
0.5343930117840503,3.7468
0.5341189366949848,3.7471
0.5338449164154562,3.7474
0.5335708687311591,3.7476
0.5332968073444779,3.7479
0.5330227459577965,3.7481
0.5327487256782679,3.7485
0.5324746779939709,3.7488
0.5322006029049053,3.7492
0.5319265552206083,3.7494
0.5316525212386954,3.7498
0.5313784735543984,3.7502
0.5311044395724855,3.7506
0.5308303781858043,3.7509
0.530556316799123,3.7512
0.5302822691148259,3.7515
0.5300082077281446,3.7518
0.529734187448616,3.7521
0.5294601397643189,3.7524
0.5291860920800219,3.7526
0.5289120443957248,3.7529
0.5286379967114277,3.7532
0.5283639490271307,3.7535
0.5280899013428336,3.7538
0.5278158536585366,3.7542
0.5275418196766236,3.7545
0.5272677582899424,3.7548
0.5269937106056454,3.755
0.5267196766237324,3.7554
0.5264456152370512,3.7557
0.5261715538503698,3.7561
0.5258975198684571,3.7565
0.52562347218416,3.7568
0.5253494244998629,3.7571
0.5250753768155658,3.7574
0.5248013291312688,3.7577
0.5245272677445875,3.758
0.5242532337626746,3.7583
0.5239791860783776,3.7585
0.5237051383940805,3.7588
0.5234310770073992,3.7591
0.5231570293231022,3.7594
0.5228829953411893,3.7597
0.5226089476568923,3.76
0.5223348999725952,3.7603
0.5220608248835297,3.7605
0.5217868183063852,3.7609
0.521512756919704,3.7614
0.521238722937791,3.7617
0.520964675253494,3.762
0.5206906138668128,3.7623
0.5204165661825157,3.7626
0.5201425047958343,3.7629
0.5198684845163057,3.7631
0.5195944231296246,3.7633
0.5193203617429432,3.7636
0.5190463277610303,3.7639
0.518772266374349,3.7642
0.5184982460948204,3.7645
0.5182241573033707,3.7649
0.5179501507262263,3.7651
0.517676089339545,3.7654
0.5174020553576322,3.7657
0.5171279802685667,3.7661
0.516853959989038,3.7665
0.5165798986023568,3.7668
0.5163058372156755,3.7671
0.5160317895313784,3.7674
0.5157577418470813,3.7677
0.5154837078651685,3.7679
0.515209632776103,3.7681
0.5149356124965744,3.7684
0.5146615648122773,3.7687
0.5143875034255959,3.769
0.5141134420389147,3.7693
0.5138394080570018,3.7696
0.5135653740750891,3.7698
0.513291326390792,3.7702
0.5130172650041106,3.7707
0.512743244724582,3.7709
0.5124691970402849,3.7712
0.5121951356536036,3.7715
0.5119210879693066,3.7718
0.5116470539873937,3.772
0.5113729788983282,3.7722
0.5110989586187996,3.7725
0.5108248698273499,3.7728
0.5105508632502055,3.7731
0.5102768018635242,3.7734
0.5100027404768429,3.7736
0.5097287064949301,3.7739
0.5094546451082488,3.7743
0.509180611126336,3.7747
0.508906577144423,3.775
0.5086325020553575,3.7753
0.5083584680734448,3.7756
0.5080844340915318,3.7759
0.5078103453000822,3.7762
0.5075363250205536,3.7764
0.5072622636338722,3.7767
0.5069882433543436,3.7768
0.506714168265278,3.7772
0.5064401342833652,3.7774
0.5061660865990681,3.7777
0.5058920252123869,3.778
0.505617991230474,3.7783
0.5053439298437927,3.7786
0.5050698821594957,3.779
0.5047958344751986,3.7793
0.5045218004932858,3.7796
0.5042477665113729,3.7799
0.5039737051246916,3.7802
0.5036996574403946,3.7805
0.5034256097560975,3.7807
0.5031515483694162,3.7809
0.5028775280898875,3.7811
0.5026034530008221,3.7815
0.5023294053165249,3.7817
0.5020553576322279,3.782
0.5017812962455467,3.7823
0.5015072622636337,3.7826
0.5012332145793367,3.7829
0.5009591942998081,3.7833
0.5006851329131269,3.7835
0.5004110852288298,3.7838
0.5001370375445326,3.7841
0.49986298986023564,3.7844
0.4995889284735543,3.7847
0.4993149081940257,3.7848
0.4990408605097286,3.7851
0.4987667991230474,3.7854
0.49849275143875027,3.7857
0.4982187037544532,3.7859
0.49794465607015614,3.7862
0.4976705946834748,3.7863
0.49739654699917774,3.7868
0.49712251301726496,3.7871
0.4968484516305836,3.7875
0.49657441764867083,3.7878
0.49630038366675794,3.788
0.4960263359824609,3.7883
0.49575227459577964,3.7886
0.4954782132090983,3.7888
0.49520416552480123,3.7891
0.49493011784050417,3.7892
0.4946560701562071,3.7895
0.49438202247191,3.7899
0.4941079884899972,3.7901
0.49383392710331586,3.7904
0.4935598931214031,3.7907
0.4932858591394902,3.791
0.49301179775280896,3.7912
0.49273776377089606,3.7916
0.492463716086599,3.792
0.4921896409975335,3.7922
0.4919155933132364,3.7925
0.4916415593313236,3.7928
0.4913674979446423,3.7931
0.49109346396272946,3.7933
0.4908194025760481,3.7934
0.49054535489175105,3.7937
0.49027133461222244,3.7939
0.4899972869279254,3.7943
0.48972322554124414,3.7945
0.4894491641545628,3.7948
0.48917513017265,3.7952
0.4889010961907371,3.7955
0.48862703480405584,3.7958
0.48835297341737455,3.796
0.4880789531378459,3.7964
0.48780489175116465,3.7966
0.48753085776925176,3.7969
0.48725678268018624,3.7971
0.48698274869827346,3.7973
0.4867087010139764,3.7975
0.48643465332967933,3.7978
0.486160591942998,3.7981
0.4858865579610852,3.7984
0.48561252397917226,3.7986
0.4853384488901068,3.799
0.48506442861057814,3.7993
0.4847903535215126,3.7996
0.48451631953959984,3.7999
0.4842422718553028,3.8001
0.48396821046862143,3.8005
0.48369417648670865,3.8007
0.4834201151000273,3.801
0.4831460811181145,3.8011
0.48287203343381746,3.8013
0.48259798574952034,3.8016
0.48232395176760745,3.8019
0.482049876678542,3.8022
0.48177584269662915,3.8024
0.4815017813099478,3.8027
0.481227747328035,3.8031
0.4809536859413537,3.8034
0.4806796656618251,3.8037
0.48040559057275956,3.8039
0.48013157029323095,3.8042
0.47985749520416543,3.8044
0.47958344751986837,3.8046
0.4793094272403397,3.8048
0.47903537955604264,3.805
0.4787613181693614,3.8053
0.47848725678268006,3.8056
0.47821323650315145,3.8058
0.4779391751164702,3.8061
0.47766511372978887,3.8065
0.4773910797478761,3.8067
0.477117032063579,3.8071
0.4768429706768977,3.8074
0.4765689366949849,3.8076
0.47629487530830356,3.8079
0.4760208413263907,3.8082
0.47574680734447783,3.8084
0.47547273225541237,3.8086
0.47519869827349953,3.8088
0.47492465058920247,3.809
0.4746505892025211,3.8093
0.4743765689229925,3.8095
0.474102493833927,3.8099
0.4738284598520142,3.81
0.47355441216771715,3.8104
0.4732803507810358,3.8107
0.473006316799123,3.811
0.4727322554124417,3.8113
0.47245822143052885,3.8115
0.47218416004384756,3.8118
0.47191011235955044,3.8121
0.47163607837763766,3.8123
0.4713620169909563,3.8125
0.47108798300904353,3.8127
0.4708139216223622,3.8129
0.4705399013428336,3.8132
0.47026583995615234,3.8134
0.4699917922718553,3.8138
0.46971773088517393,3.814
0.46944371060564527,3.8143
0.4691696355165798,3.8147
0.468895601534667,3.8149
0.4686215538503699,3.8152
0.46834750616607285,3.8155
0.4680734584817758,3.8157
0.46779939709509444,3.8159
0.4675253494107974,3.8161
0.4672513154288846,3.8163
0.46697726774458753,3.8165
0.46670322006029047,3.8168
0.46642917237599335,3.8171
0.4661551246916963,3.8173
0.4658810907097834,3.8176
0.46560704302548633,3.8179
0.4653329679364208,3.8183
0.46505893395450804,3.8185
0.464784886270211,3.8188
0.4645108385859139,3.819
0.46423677719923256,3.8193
0.4639627295149355,3.8195
0.4636886955330227,3.8197
0.46341464784872566,3.8199
0.4631405864620443,3.8201
0.46286653877774725,3.8204
0.4625925184982186,3.8206
0.46231845711153735,3.8208
0.4620444094272403,3.8211
0.4617703754453274,3.8214
0.46149632776103033,3.8216
0.4612222526719648,3.8219
0.4609481912852836,3.8223
0.4606741436009865,3.8226
0.4604001233214579,3.8228
0.4601260756371608,3.823
0.45985202795286373,3.8233
0.45957796656618244,3.8236
0.4593039188818854,3.8237
0.45902987119758826,3.8239
0.4587558372156755,3.8241
0.4584817895313784,3.8244
0.45820772814469707,3.8246
0.4579336804604,3.8249
0.4576596601808714,3.8251
0.45738561249657433,3.8255
0.4571115511098931,3.8258
0.45683748972321175,3.8261
0.4565634283365305,3.8263
0.45628940805700186,3.8266
0.4560153466703205,3.8268
0.4557413263907919,3.8271
0.4554672513017264,3.8272
0.4551932173198136,3.8274
0.4549191422307481,3.8276
0.4546451219512195,3.8279
0.4543710742669224,3.8281
0.45409702658262535,3.8284
0.4538229788983283,3.8286
0.45354893121403117,3.8289
0.4532748835297341,3.8291
0.45300083584543704,3.8294
0.45272680186352415,3.8296
0.4524527404768429,3.83
0.4521786790901616,3.8303
0.4519046314058645,3.8305
0.4516306111263359,3.8308
0.4513565223348862,3.831
0.4510825020553576,3.8313
0.45080844066867626,3.8315
0.4505344066867634,3.8316
0.45026034530008213,3.8318
0.44998632502055347,3.8321
0.4497122773362564,3.8323
0.4494382022471909,3.8325
0.4491641682652781,3.8329
0.4488901342833652,3.8331
0.44861608659906815,3.8334
0.4483420389147711,3.8337
0.4480679638257056,3.834
0.44779394354617696,3.8342
0.44751988215949573,3.8344
0.4472458207728144,3.8347
0.4469717730885173,3.8349
0.44669775280898866,3.835
0.4464237051246916,3.8352
0.44614964373801036,3.8354
0.4458755960537133,3.8357
0.44560153466703195,3.836
0.4453274869827349,3.8362
0.4450534392984378,3.8365
0.44477940531652504,3.8368
0.444505357632228,3.8371
0.4442313099479309,3.8374
0.443957275966018,3.8376
0.44368318717456834,3.8379
0.44340915319265545,3.8381
0.4431351192107426,3.8383
0.4428610852288297,3.8385
0.4425870101397642,3.8386
0.4423129761578514,3.8388
0.44203894217593853,3.8391
0.44176489449164147,3.8394
0.44149081940257595,3.8396
0.4412167717182789,3.8398
0.4409427377363661,3.84
0.44066870375445316,3.8404
0.4403946423677719,3.8407
0.44012058098109064,3.841
0.4398465469991778,3.8412
0.43957249931488074,3.8414
0.4392984379281994,3.8417
0.4390244176486708,3.8419
0.43875035626198955,3.842
0.4384763085776925,3.8423
0.4382022608933954,3.8424
0.4379281995067141,3.8428
0.43765416552480124,3.8429
0.43738010413811995,3.8432
0.4371060564538229,3.8434
0.43683202247191005,3.8437
0.4365579610852287,3.844
0.43628391340093164,3.8443
0.43600987941901886,3.8446
0.4357358317347218,3.8448
0.4354617977528089,3.845
0.43518775006851185,3.8453
0.4349136886818306,3.8455
0.43463964099753355,3.8456
0.4343655796108522,3.8458
0.43409155933132354,3.846
0.4338174979446423,3.8463
0.43354345026034524,3.8466
0.4332693888736639,3.8467
0.4329953685941353,3.847
0.43272130720745405,3.8472
0.432447259523157,3.8475
0.43217319813647564,3.8478
0.43189917785694704,3.8481
0.4316251164702658,3.8483
0.43135106878596874,3.8485
0.4310770348040558,3.8488
0.43080297341737456,3.849
0.43052893943546167,3.8491
0.4302548917511646,3.8493
0.4299808029597149,3.8495
0.4297067826801863,3.8498
0.42943272129350496,3.85
0.4291586873115922,3.8502
0.4288846533296793,3.8504
0.42861059194299805,3.8508
0.428336544258701,3.8511
0.42806248287201965,3.8514
0.4277884488901068,3.8516
0.4275143875034255,3.8518
0.42724033981912846,3.852
0.4269663058372156,3.8522
0.4266922444505343,3.8524
0.42641818306385304,3.8525
0.4261441764867086,3.8528
0.42587012880241154,3.853
0.425596053713346,3.8532
0.42532201973143324,3.8534
0.4250479857495203,3.8536
0.42477392436283906,3.8539
0.424499876678542,3.8543
0.4242258426966291,3.8546
0.42395179501233204,3.8547
0.4236777336256508,3.855
0.42340368594135375,3.8552
0.4231296245546724,3.8554
0.42285557687037534,3.8556
0.42258154288846256,3.8558
0.4223074952041655,3.856
0.42203344751986843,3.8562
0.4217593861331871,3.8564
0.42148535215127425,3.8567
0.42121129076459296,3.8569
0.4209372567826801,3.8571
0.42066322280076723,3.8575
0.420389161414086,3.8577
0.4201151274321731,3.8579
0.41984107974787604,3.8582
0.4195670183611948,3.8584
0.4192929843792819,3.8586
0.4190189229926007,3.8588
0.4187448753083036,3.8589
0.4184708413263907,3.8591
0.4181967936420936,3.8593
0.4179227322554124,3.8596
0.4176486982734995,3.8598
0.41737462318443397,3.86
0.4171005892025212,3.8602
0.4168265415182241,3.8606
0.4165524801315428,3.8608
0.41627844614963,3.8611
0.41600439846533294,3.8613
0.4157303370786516,3.8615
0.4154563030967388,3.8618
0.41518226911482586,3.8619
0.41490820772814463,3.862
0.41463416004384757,3.8622
0.4143601260619347,3.8624
0.41408606467525344,3.8627
0.4138120032885721,3.8629
0.41353795560427503,3.8631
0.4132639353247464,3.8633
0.4129898739380652,3.8635
0.4127158262537681,3.8639
0.41244177856947106,3.8642
0.4121677171827897,3.8644
0.41189366949849265,3.8646
0.4116196218141956,3.8648
0.4113456015346669,3.8651
0.4110715401479857,3.8651
0.41079747876130435,3.8653
0.41052345848177574,3.8655
0.4102493970950945,3.8657
0.4099753631131816,3.8659
0.4097013017265004,3.8662
0.4094272677445875,3.8664
0.4091532200602904,3.8666
0.40887915867360913,3.8668
0.40860512469169624,3.8671
0.4083310496026308,3.8674
0.40805701562071794,3.8676
0.4077829679364209,3.8678
0.407508933954508,3.8681
0.4072348862702109,3.8683
0.4069608111811454,3.8685
0.40668677719923263,3.8686
0.40641272951493557,3.8687
0.4061386681282542,3.869
0.40586463414634144,3.8692
0.4055905727596601,3.8695
0.40531651137297886,3.8696
0.40504247739106597,3.8699
0.40476844340915313,3.8701
0.4044943820224718,3.8704
0.4042203343381747,3.8706
0.40394630035626194,3.8708
0.4036722526719649,3.871
0.403398218690052,3.8712
0.4031241436009865,3.8714
0.4028501096190737,3.8716
0.40257606193477663,3.8717
0.4023020142504795,3.872
0.4020279528637982,3.8721
0.40175393258426956,3.8723
0.40147985749520404,3.8725
0.401205809810907,3.8727
0.4009317758289942,3.873
0.4006577418470813,3.8733
0.40038368046040007,3.8736
0.4001096190737187,3.8738
0.39983557138942166,3.874
0.3995615237051246,3.8742
0.3992874897232118,3.8744
0.3990134283365305,3.8746
0.3987393806522334,3.8747
0.3984653466703206,3.8748
0.3981913126884077,3.875
0.39791725130172645,3.8752
0.39764321731981356,3.8754
0.3973691696355165,3.8756
0.39709510824883526,3.8758
0.3968210605645382,3.8762
0.3965470265826253,3.8765
0.3962729514935598,3.8767
0.39599891751164695,3.8769
0.39572485612496566,3.8771
0.3954508221430528,3.8773
0.39517677445875576,3.8775
0.3949027267744587,3.8776
0.3946286927925458,3.8777
0.3943546040010961,3.8779
0.3940805837215675,3.8781
0.39380653603727045,3.8784
0.3935324883529734,3.8785
0.3932584406686763,3.8787
0.3929843655796108,3.8789
0.39271034530008214,3.8792
0.39243631131816925,3.8795
0.392162249931488,3.8797
0.39188818854480667,3.8799
0.3916141408605096,3.8801
0.3913401068785968,3.8803
0.39106605919429976,3.8805
0.3907920115100027,3.8807
0.39051796382570564,3.881
0.3902439161414086,3.8811
0.3899698684571115,3.8812
0.38969582077281445,3.8813
0.38942177308851733,3.8815
0.38914772540422027,3.8817
0.3888736777199232,3.882
0.38859963003562614,3.8821
0.38832559605371325,3.8824
0.38805152096464773,3.8826
0.38777748698273495,3.8829
0.38750345300082206,3.8831
0.3872293916141408,3.8833
0.38695535763222794,3.8835
0.3866812825431624,3.8837
0.38640726226363376,3.8839
0.3861332145793367,3.8841
0.38585915319265546,3.8843
0.38558511921074257,3.8843
0.38531104412167705,3.8845
0.38503699643738,3.8848
0.3847629761578514,3.8849
0.38448890106878586,3.8851
0.3842148670868731,3.8853
0.38394080570019173,3.8855
0.38366675801589467,3.8858
0.3833927240339819,3.8859
0.38311869005206894,3.8862
0.3828446149630035,3.8864
0.38257058098109065,3.8866
0.3822965332967936,3.8868
0.38202247191011224,3.887
0.3817484242258152,3.8872
0.3814743902439024,3.8874
0.38120032885722105,3.8875
0.38092629487530827,3.8876
0.3806522608933954,3.8878
0.38037818580432986,3.8881
0.3801041518224171,3.8883
0.37983009043573573,3.8884
0.3795560290490545,3.8886
0.3792819950671416,3.8888
0.3790079473828445,3.8891
0.3787339271033159,3.8893
0.37845986571663465,3.8896
0.3781858180323376,3.8898
0.3779117840504247,3.8899
0.37763773636612763,3.8901
0.3773636749794464,3.8903
0.37708961359276505,3.8904
0.376815565908468,3.8905
0.3765415456289393,3.8907
0.37626747053987386,3.8909
0.3759934228555768,3.891
0.37571938887366396,3.8912
0.3754453274869826,3.8915
0.37517127980268555,3.8918
0.3748972458207728,3.892
0.3746231981364757,3.8922
0.37434915045217865,3.8925
0.3740750890654973,3.8926
0.3738010550835845,3.8928
0.3735270073992874,3.8929
0.37325295971499034,3.8931
0.37297892573307745,3.8932
0.37270485064401193,3.8934
0.37243080295971487,3.8936
0.3721567689778021,3.8938
0.37188270759112074,3.894
0.3716086462044395,3.8942
0.3713346259249109,3.8943
0.37106057824061384,3.8946
0.37078654425870095,3.8949
0.3705124828720197,3.8951
0.3702384351877226,3.8953
0.36996438750342553,3.8954
0.36969035352151264,3.8956
0.3694163058372156,3.8958
0.36914223074815006,3.8959
0.368868183063853,3.896
0.3685941490819402,3.8963
0.36832008769525887,3.8964
0.3680460400109618,3.8966
0.367772006029049,3.8969
0.36749795834475196,3.897
0.3672239106604549,3.8973
0.36694987667854195,3.8976
0.3666758015894765,3.8977
0.36640176760756366,3.898
0.3661276925184982,3.8982
0.36585367223896953,3.8984
0.36557962455467247,3.8986
0.3653055768703754,3.8986
0.3650315428884625,3.8988
0.3647574815017813,3.899
0.36448342011509993,3.8991
0.36420937243080287,3.8993
0.3639353521512742,3.8995
0.36366129076459297,3.8997
0.3633872430802959,3.8999
0.36311318169361456,3.9001
0.3628391477117018,3.9003
0.3625651137297889,3.9005
0.3622910386407234,3.9007
0.3620170046588106,3.901
0.3617429706768977,3.9012
0.36146890929021647,3.9014
0.3611948753083036,3.9016
0.36092082762400646,3.9018
0.3606467799397094,3.9019
0.36037273225541233,3.9021
0.3600986434639627,3.9022
0.35982460948204975,3.9024
0.35955057550013697,3.9026
0.3592765141134556,3.9029
0.35900248013154284,3.903
0.3587284324472458,3.9032
0.35845437106056444,3.9034
0.35818033707865166,3.9038
0.3579062893943546,3.904
0.35763224171005753,3.9042
0.3573581940257604,3.9043
0.3570841326390791,3.9045
0.3568100986571663,3.9047
0.35653603727048494,3.9049
0.3562619895861879,3.905
0.3559879556042751,3.9052
0.35571390791997803,3.9054
0.35543986023568097,3.9055
0.3551658125513839,3.9058
0.354891778569471,3.906
0.3546177171827898,3.9062
0.35434368320087684,3.9065
0.3540696218141956,3.9067
0.35379557412989854,3.907
0.3535215264456015,3.9072
0.3532474924636886,3.9074
0.35297343107700735,3.9076
0.3526993833927103,3.9077
0.35242532200602894,3.9079
0.35215130172650033,3.908
0.35187725404220327,3.9082
0.35160319265552203,3.9084
0.3513291312688407,3.9086
0.3510550835845436,3.9089
0.35078103590024656,3.9091
0.3505070019183337,3.9093
0.35023296793642084,3.9095
0.3499589065497396,3.9097
0.34968485886544254,3.91
0.3494108111811455,3.9103
0.3491367634968484,3.9105
0.34886271581255135,3.9107
0.3485886681282543,3.9109
0.3483146204439572,3.9111
0.34804057275966016,3.9113
0.3477665387777472,3.9114
0.347492477391066,3.9116
0.3472184297067689,3.9119
0.34694436832008757,3.912
0.3466703343381748,3.9122
0.3463962866538777,3.9125
0.34612225267196484,3.9127
0.3458481775828993,3.913
0.34557414360098654,3.9133
0.3453000959166895,3.9135
0.3450260482323924,3.9138
0.3447520005480953,3.914
0.34447795286379823,3.9142
0.34420390517950117,3.9144
0.3439298574952041,3.9145
0.34365580981090704,3.9147
0.34338176212661,3.9149
0.3431077281446971,3.9152
0.34283366675801585,3.9154
0.3425596053713345,3.9156
0.34228557138942173,3.9159
0.3420115100027404,3.9161
0.3417374623184433,3.9164
0.34146341463414626,3.9166
0.3411893669498492,3.917
0.34091533296793636,3.9172
0.3406412852836393,3.9175
0.3403672513017264,3.9177
0.34009320361742934,3.918
0.3398191422307481,3.9181
0.3395451082488352,3.9182
0.3392710331597697,3.9185
0.3389969991778569,3.9187
0.33872293779117557,3.919
0.3384489175116469,3.9192
0.3381748561249657,3.9194
0.3379008084406686,3.9197
0.33762676075637155,3.92
0.3373527130720745,3.9203
0.33707865168539314,3.9206
0.33680463140586453,3.9209
0.336530556316799,3.9211
0.3362565360372704,3.9214
0.3359824609482049,3.9216
0.3357084132639078,3.9219
0.33543436557961076,3.9221
0.3351603315976979,3.9222
0.33488628391340086,3.9225
0.3346122088243354,3.9228
0.33433818854480674,3.923
0.3340641408605097,3.9233
0.3337900931762126,3.9235
0.33351604549191555,3.9239
0.33324201151000266,3.9242
0.3329679501233214,3.9245
0.3326938887366401,3.9248
0.3324198547547273,3.9251
0.33214582077281435,3.9254
0.3318717456837489,3.9256
0.3315976979994518,3.9259
0.33132365031515476,3.9262
0.3310496163332419,3.9263
0.33077556864894486,3.9266
0.33050149355987934,3.9268
0.33022747328035074,3.9272
0.3299534118936694,3.9274
0.3296793642093723,3.9277
0.32940533022745955,3.928
0.32913129624554666,3.9285
0.32885722115648114,3.9287
0.3285831871745683,3.929
0.32830913949027124,3.9293
0.3280350918059742,3.9296
0.32776103041929283,3.9299
0.32748698273499577,3.9301
0.327212948753083,3.9303
0.3269389010687859,3.9306
0.32666485338448886,3.9309
0.3263908057001918,3.9312
0.3261167717182789,3.9315
0.3258426966292134,3.9318
0.32556864894491633,3.9321
0.3252946149630035,3.9326
0.3250205535763222,3.9329
0.32474653329679354,3.9332
0.3244724856124965,3.9336
0.32419841052343096,3.9338
0.3239243628391339,3.9341
0.3236503288572211,3.9344
0.32337626747053977,3.9346
0.323102233488627,3.9349
0.32282817210194564,3.9352
0.3225541244176486,3.9356
0.3222801041381199,3.9358
0.3220060427514387,3.9361
0.3217319950671416,3.9364
0.32145794738284456,3.9369
0.3211838996985475,3.9373
0.32090983831186615,3.9376
0.32063581803233754,3.938
0.3203617703480405,3.9382
0.32008770896135924,3.9386
0.3198136475746779,3.9389
0.3195396135927651,3.9393
0.31926556590846805,3.9395
0.3189915045217867,3.9397
0.31871748424225804,3.9401
0.3184434091531926,3.9404
0.31816937517127974,3.9407
0.3178953274869827,3.941
0.31762126610030134,3.9414
0.3173472458207727,3.9416
0.3170731844340915,3.9418
0.31679913674979443,3.9423
0.31652508906549737,3.9428
0.3162510413812003,3.9431
0.31597699369690324,3.9436
0.3157029460126061,3.9439
0.31542888462592483,3.9442
0.315154850644012,3.9445
0.31488078925733065,3.9449
0.3146067415730336,3.9452
0.3143326938887365,3.9456
0.31405865990682375,3.9458
0.3137846122225267,3.9461
0.3135105782406138,3.9464
0.31323651685393256,3.9467
0.3129624691696355,3.9471
0.3126884214853384,3.9474
0.3124143875034255,3.9477
0.31214031241436,3.9481
0.31186626473006296,3.9485
0.3115922444505343,3.949
0.3113181693614688,3.9493
0.311044135379556,3.9496
0.3107701013976431,3.95
0.31049604001096187,3.9503
0.3102219923266648,3.9507
0.30994794464236775,3.951
0.3096738969580707,3.9512
0.30939984927377356,3.9515
0.3091258152918607,3.9519
0.3088517402027952,3.9522
0.3085777062208824,3.9525
0.30830364483420103,3.9528
0.3080296245546724,3.9531
0.3077555631679912,3.9536
0.30748150178130984,3.954
0.30720746779939706,3.9544
0.3069334201151,3.9547
0.30665935872841865,3.955
0.30638532474650587,3.9554
0.3061112633598245,3.9557
0.30583721567552746,3.9559
0.3055631816936146,3.9562
0.30528913400931756,3.9565
0.3050150863250205,3.9569
0.30474103864072344,3.9572
0.3044669909564264,3.9575
0.30419292956974503,3.9579
0.30391888188544797,3.9583
0.3036448479035352,3.9587
0.3033708002192381,3.9591
0.3030967388325568,3.9594
0.30282270485064394,3.9597
0.30254864346396265,3.96
0.3022745957796656,3.9604
0.30200056179775275,3.9607
0.3017265004110714,3.9609
0.30145245272677434,3.9612
0.30117841874486156,3.9615
0.3009043847629487,3.9618
0.3006303370786516,3.9621
0.3003562619895861,3.9625
0.30008220060290486,3.9628
0.29980819402576037,3.9633
0.2995341463414633,3.9637
0.29926008495478207,3.964
0.298986037270485,3.9643
0.2987120032885721,3.9647
0.2984379419018909,3.965
0.29816388051520953,3.9653
0.29788984653329675,3.9655
0.29761581255138386,3.9658
0.29734175116470263,3.9661
0.2970676897780213,3.9664
0.2967936420937242,3.9668
0.2965196081118114,3.9671
0.2962455604275143,3.9674
0.29597149904083303,3.9678
0.2956974376541518,3.968
0.29542340367223885,3.9684
0.2951493559879418,3.9688
0.2948753083036447,3.9692
0.29460127432173194,3.9695
0.2943272266374349,3.9699
0.29405316525075353,3.9702
0.29377913126884075,3.9705
0.2935050835845437,3.9707
0.2932310359002466,3.971
0.2929569882159495,3.9713
0.29268294053165245,3.9717
0.2924088791449711,3.972
0.29213483146067404,3.9723
0.29186081118114543,3.9727
0.2915867497944642,3.973
0.29131268840778285,3.9735
0.29103866812825424,3.9738
0.2907646204439572,3.9741
0.29049055905727594,3.9745
0.2902164976705946,3.9748
0.28994246368868176,3.9751
0.28966842970676887,3.9753
0.28939435461770335,3.9757
0.2891203069334063,3.9759
0.2888462592491092,3.9763
0.28857221156481216,3.9766
0.28829819128528356,3.977
0.2880241436009865,3.9773
0.28775008221430526,3.9776
0.2874760208276239,3.9781
0.28720197314332685,3.9785
0.286927939161414,3.9788
0.2866538777747327,3.9792
0.2863798437928199,3.9795
0.28610578240613854,3.9799
0.28583174842422576,3.9802
0.2855577007399287,3.9806
0.28528363935324735,3.9808
0.2850096053713346,3.9811
0.2847355576870375,3.9814
0.28446149630035616,3.9818
0.28418747602082756,3.9821
0.28391342833653044,3.9825
0.283639353247465,3.9828
0.2833653055631679,3.9832
0.28309128528363925,3.9836
0.2828172375993422,3.9841
0.28254317621266095,3.9844
0.2822691285283639,3.9848
0.281995094546451,3.9851
0.2817210194573855,3.9855
0.2814469717730884,3.9858
0.2811729514935598,3.9861
0.2808989038092627,3.9864
0.28062484242258146,3.9867
0.2803507947382844,3.9871
0.28007674705398733,3.9875
0.27980269936969027,3.9878
0.2795286653877774,3.9882
0.2792546177034803,3.9885
0.2789805563167991,3.9889
0.278706508632502,3.9894
0.27843244724582067,3.9898
0.27815842696629206,3.9902
0.2778843655796108,3.9906
0.2776103041929295,3.9909
0.27733627021101664,3.9913
0.2770621951219512,3.9916
0.2767881611400383,3.9919
0.2765141134557412,3.9922
0.2762400657714441,3.9926
0.2759660454919155,3.993
0.27569197040285,3.9933
0.2754179227185529,3.9938
0.27514388873664014,3.9941
0.2748698410523431,3.9945
0.27459577966566173,3.995
0.27432174568374895,3.9954
0.274047711701836,3.9958
0.27377363661277054,3.9962
0.2734996026308577,3.9966
0.27322554124417636,3.997
0.2729514935598793,3.9973
0.2726774595779665,3.9976
0.27240341189366946,3.998
0.27212937791175656,3.9984
0.27185531652507533,3.9987
0.271581255138394,3.9991
0.2713072074540969,3.9995
0.2710331734721841,3.9999
0.2707591394902712,4.0004
0.27048506440120573,4.0009
0.2702110030145245,4.0013
0.26993698273499583,4.0017
0.2696629213483145,4.0021
0.2693888873664017,4.0024
0.26911483968210465,4.0028
0.2688407919978076,4.003
0.26856671690874206,4.0034
0.26829271033159763,4.0038
0.2680186489449164,4.0042
0.26774458755823505,4.0045
0.267470539873938,4.005
0.26719647848725675,4.0054
0.2669224582077281,4.0058
0.26664839682104674,4.0062
0.26637437654151813,4.0067
0.2661003014524526,4.0071
0.26582625376815555,4.0075
0.2655522060838585,4.0079
0.2652781583995614,4.0083
0.26500412441764865,4.0087
0.26473004932858313,4.0091
0.26445600164428607,4.0094
0.2641819813647574,4.0097
0.26390793368046034,4.0101
0.263633872293779,4.0105
0.26335982460948193,4.0109
0.2630858043299533,4.0112
0.26281175664565626,4.0117
0.262537695258975,4.012
0.26226366127706213,4.0126
0.26198961359276507,4.0131
0.26171553850369955,4.0134
0.2614414908194025,4.0138
0.2611674431351054,4.0142
0.26089339545080836,4.0146
0.2606193614688955,4.015
0.2603453000822142,4.0153
0.2600712798026856,4.0156
0.2597972321183885,4.016
0.25952318443409145,4.0164
0.2592491367497944,4.0168
0.25897507536311315,4.0172
0.2587010139764318,4.0175
0.25842696629213474,4.018
0.2581529460126061,4.0186
0.25787888462592484,4.0189
0.25760482323924355,4.0193
0.2573307892573307,4.0197
0.25705674157303365,4.0201
0.25678266648396814,4.0204
0.25650863250205524,4.0207
0.25623461222252664,4.0211
0.2559605508358454,4.0215
0.2556865168539325,4.0218
0.2554124554672513,4.0222
0.2551384077829542,4.0226
0.2548643600986571,4.023
0.25459031241436003,4.0234
0.25431627843244714,4.0238
0.2540422033433816,4.0243
0.25376815565908456,4.0247
0.2534941216771718,4.0251
0.2532200739928747,4.0255
0.25294601260619337,4.0258
0.2526719786242806,4.0262
0.25239793093998353,4.0265
0.25212389695807064,4.0269
0.2518498355713894,4.0271
0.25157580158947646,4.0276
0.2513017539051794,4.0279
0.25102770622088233,4.0283
0.2507536311318168,4.0286
0.25047959714990403,4.0291
0.2502055357632227,4.0295
0.24993148807892562,4.0299
0.24965746779939701,4.0303
0.24938340641271575,4.0307
0.2491093587284187,4.0311
0.2488353247465058,4.0314
0.2485612496574403,4.0318
0.24828720197314322,4.032
0.24801316799123044,4.0324
0.24773912030693335,4.0327
0.24746507262263628,4.0331
0.2471910386407234,4.0334
0.24691697725404216,4.0338
0.24664294327212927,4.0341
0.24636888188544803,4.0346
0.24609483420115094,4.035
0.24582075911208545,4.0354
0.245546752534941,4.0357
0.24527267744587547,4.0361
0.2449986434639627,4.0364
0.24472460948204977,4.0368
0.24445053439298428,4.0371
0.24417650041107147,4.0373
0.24390243902439016,4.0378
0.24362840504247735,4.038
0.243354343655796,4.0384
0.24308029597149894,4.0387
0.24280626198958613,4.0391
0.24253222800767324,4.0395
0.242258166620992,4.04
0.24198411893669494,4.0403
0.2417100575500136,4.0407
0.24143600986571653,4.041
0.24116196218141947,4.0413
0.24088794190189083,4.0416
0.24061389421759377,4.0418
0.24033983283091254,4.0422
0.24006575774184702,4.0425
0.23979172375993413,4.0428
0.2395177034804055,4.0431
0.23924364209372426,4.0435
0.2389695944094272,4.0438
0.2386955604275143,4.0441
0.23842149904083307,4.0445
0.23814746505892015,4.045
0.23787340367223891,4.0453
0.23759935598794185,4.0457
0.23732532200602896,4.046
0.23705126061934773,4.0463
0.2367772266374348,4.0466
0.23650316525075357,4.0469
0.2362291175664565,4.0471
0.2359550561797752,4.0473
0.23568102219786238,4.0478
0.23540697451356532,4.048
0.2351328994244998,4.0483
0.2348588654425869,4.0486
0.2345848314606741,4.0489
0.23431077007399279,4.0492
0.2340367223896957,4.0497
0.23376268840778291,4.0501
0.23348865442587,4.0504
0.23321459303918876,4.0507
0.23294051795012327,4.051
0.23266648396821038,4.0513
0.2323924362839133,4.0516
0.23211838859961623,4.0519
0.2318443683200876,4.052
0.23157030693340636,4.0524
0.2312962592491093,4.0526
0.23102221156481223,4.053
0.23074813647574674,4.0532
0.2304741161962181,4.0536
0.23020005480953676,4.0538
0.22992602082762395,4.0542
0.22965195944094263,4.0546
0.22937792545902982,4.0549
0.22910386407234848,4.0552
0.22882984379281987,4.0555
0.2285557824061386,4.0558
0.22828174842422572,4.0561
0.22800768703754448,4.0563
0.2277336530556316,4.0565
0.22745959166895036,4.0567
0.2271855439846533,4.057
0.22691146889558778,4.0573
0.22663743491367488,4.0576
0.22636338722937782,4.0578
0.226089353247465,4.0582
0.22581529186078367,4.0585
0.2255412578788709,4.0589
0.22526719649218954,4.0591
0.22499316251027673,4.0594
0.22471911482597967,4.0597
0.2244450671416826,4.0599
0.22417103315976972,4.0602
0.22389697177308848,4.0604
0.22362293779117556,4.0606
0.22334886270211007,4.0608
0.22307484242258144,4.0612
0.2228007810359002,4.0613
0.22252671964921886,4.0617
0.22225265826253762,4.0619
0.22197865168539316,4.0622
0.22170457659632767,4.0626
0.22143054261441486,4.0629
0.22115646752534937,4.0631
0.22088244724582073,4.0634
0.22060839956152367,4.0636
0.22033433817484233,4.0639
0.22006030419292952,4.0641
0.21978627021101663,4.0644
0.21951222252671956,4.0646
0.21923814743765405,4.0647
0.21896411345574124,4.0649
0.21869006577144418,4.0652
0.2184160180871471,4.0654
0.21814197040285005,4.0657
0.21786793642093716,4.0659
0.21759387503425592,4.0662
0.21731982734995883,4.0665
0.21704577966566177,4.0668
0.21677174568374888,4.0671
0.21649768429706764,4.0673
0.21622363661277058,4.0675
0.21594960263085766,4.0678
0.21567554124417643,4.068
0.21540149355987936,4.0681
0.21512745957796647,4.0683
0.21485339819128524,4.0685
0.21457935050698818,4.0688
0.2143053028226911,4.069
0.2140312688407782,4.0692
0.21375720745409696,4.0695
0.21348317347218407,4.0697
0.213209125787887,4.07
0.21293506440120577,4.0703
0.21266100301452442,4.0705
0.21238696903261162,4.0707
0.21211293505069873,4.0709
0.21183888736640166,4.0711
0.21156482597972043,4.0712
0.21129076459303908,4.0713
0.21101674431351045,4.0715
0.21074266922444496,4.0718
0.21046863524253215,4.072
0.21019458755823509,4.0722
0.20992053987393802,4.0724
0.20964649218964096,4.0727
0.2093724308029596,4.073
0.20909841052343098,4.0731
0.20882436283913391,4.0734
0.20855030145245268,4.0736
0.20827625376815562,4.0738
0.20800220608385855,4.074
0.2077281446971772,4.0742
0.2074541107152644,4.0744
0.20718006303096734,4.0745
0.20690601534667027,4.0746
0.2066319676623732,4.0747
0.2063578925733077,4.0749
0.20608387229377906,4.0751
0.205809824609482,4.0753
0.2055357906275691,4.0754
0.20526174294327204,4.0757
0.20498769525897498,4.076
0.20471362016990946,4.0762
0.20443959989038082,4.0764
0.20416552480131533,4.0766
0.20389149081940253,4.0767
0.20361742943272118,4.0769
0.20334338174842412,4.0769
0.20306936146889548,4.0771
0.20279528637983,4.0772
0.20252123869553293,4.0774
0.2022472184160043,4.0775
0.20197315702932306,4.0777
0.2016990956426417,4.0778
0.20142507536311308,4.078
0.2011510002740476,4.0783
0.20087695258975052,4.0785
0.20060290490545346,4.0786
0.20032885722115637,4.0788
0.20005483694162776,4.079
0.19978074815017807,4.0791
0.19950672787064944,4.0793
0.19923266648396812,4.0794
0.1989586325020553,4.0794
0.19868457111537396,4.0795
0.19841055083584536,4.0797
0.1981364894491641,4.0798
0.19786244176486703,4.0799
0.1975883803781857,4.0801
0.1973143463962729,4.0802
0.19704029871197584,4.0804
0.19676625102767878,4.0806
0.19649218964099743,4.0808
0.1962181693614688,4.0809
0.19594410797478756,4.081
0.1956700602904905,4.0812
0.1953960263085776,4.0813
0.19512197862428052,4.0813
0.19484791723759928,4.0814
0.19457385585091796,4.0815
0.19429982186900516,4.0816
0.1940257741847081,4.0817
0.19375171279802675,4.0818
0.1934776925184981,4.0819
0.19320361742943262,4.0821
0.19292958344751981,4.0823
0.19265553576322275,4.0824
0.19238150178130986,4.0826
0.1921074540970128,4.0827
0.1918333653055631,4.0827
0.19155933132365022,4.0828
0.19128531104412158,4.0828
0.19101126335982452,4.0829
0.19073720197314328,4.083
0.19046315428884622,4.0831
0.1901891203069333,4.0832
0.18991505892025207,4.0833
0.18964099753357075,4.0834
0.18936694984927369,4.0835
0.1890929021649766,4.0838
0.18881886818306381,4.0839
0.18854480679638247,4.0839
0.18827078651685383,4.084
0.1879967251301726,4.0841
0.18772266374349128,4.0842
0.18744862976157847,4.0842
0.1871745820772814,4.0842
0.18690053439298432,4.0843
0.18662648670868726,4.0844
0.1863524390243902,4.0844
0.1860784050424773,4.0845
0.18580434365579607,4.0846
0.18553028226911472,4.0847
0.18525626198958609,4.0848
0.18498220060290485,4.085
0.1847081529186078,4.0851
0.1844341189366949,4.0852
0.18416007125239783,4.0853
0.1838860098657166,4.0854
0.1836119621814195,4.0854
0.18333791449712245,4.0855
0.18306386681282538,4.0855
0.18278980542614404,4.0855
0.18251575774184697,4.0855
0.1822417100575499,4.0856
0.1819676760756371,4.0856
0.18169361468895578,4.0858
0.18141956700465872,4.0858
0.18114551932036163,4.0859
0.18087147163606457,4.0861
0.18059745135653593,4.0862
0.1803233899698547,4.0862
0.18004934228555763,4.0863
0.17977528089887632,4.0863
0.1795012469169635,4.0865
0.17922721293505062,4.0864
0.17895315154836938,4.0863
0.1786791038640723,4.0864
0.1784050698821594,4.0865
0.17813100849547817,4.0865
0.1778569608111811,4.0866
0.17758289942449976,4.0866
0.17730886544258695,4.0867
0.1770348177582899,4.0869
0.17676075637160857,4.0871
0.1764867086873115,4.0871
0.17621268840778287,4.0871
0.17593862702110163,4.0872
0.17566459303918872,4.0873
0.17539053165250748,4.0873
0.17511648396821042,4.0872
0.17484243628391336,4.0872
0.174568374897232,4.0873
0.17429435461770337,4.0873
0.17402029323102214,4.0874
0.17374625924910925,4.0874
0.173472197862428,4.0875
0.17319815017813095,4.0876
0.1729241024938339,4.0878
0.17265005480953682,4.0878
0.17237600712523973,4.0879
0.17210195944094267,4.0879
0.17182788435187718,4.088
0.17155387777473272,4.088
0.17127981638805148,4.0879
0.17100576870375442,4.0879
0.17073170731707307,4.0879
0.17045768703754444,4.088
0.1701836256508632,4.0881
0.16990957796656614,4.0881
0.16963553028226908,4.0881
0.169361482597972,4.0883
0.16908742121129067,4.0884
0.16881340093176203,4.0885
0.16853935324746497,4.0885
0.16826529186078373,4.0886
0.16799124417648667,4.0886
0.16771718278980532,4.0886
0.1674431625102767,4.0885
0.16716910112359545,4.0886
0.16689503973691414,4.0886
0.16662099205261705,4.0887
0.16634695807070426,4.0887
0.16607291038640717,4.0887
0.16579884899972586,4.0888
0.16552481501781305,4.0889
0.16525076733351599,4.0891
0.16497670594683464,4.0891
0.16470267196492186,4.0891
0.16442862428062477,4.0892
0.1641545765963277,4.0892
0.1638805152096464,4.0892
0.16360649493011775,4.0891
0.16333243354343652,4.0891
0.16305838585913945,4.0892
0.16278431077007394,4.0893
0.1625102904905453,4.0893
0.16223624280624824,4.0893
0.16196220882433535,4.0894
0.16168816114003828,4.0895
0.16141408605097277,4.0896
0.1611400383666757,4.0896
0.1608660043847629,4.0897
0.16059194299808158,4.0898
0.16031790901616877,4.0898
0.16004384762948742,4.0898
0.15976979994519036,4.0897
0.15949576596327755,4.0897
0.15922170457659623,4.0898
0.15894767059468343,4.0898
0.15867362291038636,4.0899
0.1583995752260893,4.0899
0.15812551383940796,4.0899
0.1578514661551109,4.09
0.15757744587558226,4.0902
0.1573033570841326,4.0902
0.15702935050698813,4.0902
0.1567552754179226,4.0903
0.15648124143600983,4.0903
0.15620719375171274,4.0903
0.15593315976979985,4.0902
0.1556591120855028,4.0902
0.15538503699643727,4.0903
0.1551110030145245,4.0904
0.15483696903261157,4.0903
0.15456290764593034,4.0904
0.15428884625924902,4.0904
0.15401482597972038,4.0906
0.15374077829542332,4.0907
0.15346671690874208,4.0907
0.153192669224445,4.0908
0.1529186352425321,4.0908
0.15264457385585087,4.0908
0.1523705261715538,4.0909
0.15209647848725674,4.0909
0.15182243080295968,4.0908
0.1515483831186626,4.0909
0.15127433543436553,4.0908
0.15100028775006846,4.0909
0.15072622636338712,4.0909
0.15045219238147434,4.091
0.15017814469717727,4.0911
0.14990408331049593,4.0912
0.14963004932858312,4.0913
0.14935600164428606,4.0913
0.14908196766237317,4.0914
0.1488079199780761,4.0914
0.14853385859139487,4.0914
0.14825981090709778,4.0914
0.1479857769251849,4.0913
0.14771172924088782,4.0913
0.1474376678542066,4.0914
0.14716362016990953,4.0915
0.1468895861879966,4.0914
0.14661553850369954,4.0915
0.14634146341463405,4.0916
0.146067415730337,4.0918
0.14579339545080836,4.0918
0.14551933406412712,4.0918
0.14524528637983003,4.0919
0.14497125239791714,4.0919
0.1446971910112359,4.092
0.14442314332693884,4.092
0.1441490819402575,4.0919
0.14387504795834472,4.0918
0.14360098657166337,4.092
0.14332695258975056,4.092
0.1430529049054535,4.092
0.14277885722115644,4.092
0.14250482323924354,4.0921
0.14223077555494645,4.0922
0.14195671416826522,4.0924
0.14168266648396816,4.0924
0.1414086187996711,4.0924
0.14113457111537403,4.0925
0.14086050972869268,4.0925
0.1405864757467799,4.0925
0.14031241436009856,4.0925
0.14003838037818575,4.0924
0.1397643326938887,4.0925
0.13949027130720734,4.0925
0.13921622362291028,4.0926
0.1389421896409975,4.0926
0.13866811455193198,4.0926
0.13839410797478752,4.0927
0.13812006029049045,4.0928
0.13784599890380922,4.0929
0.13757193751712787,4.0929
0.1372978898328308,4.093
0.13702386955330217,4.093
0.13674979446423668,4.0931
0.13647574677993962,4.0931
0.1362017127980268,4.0931
0.13592766511372975,4.093
0.13565363113181683,4.0931
0.1353795697451356,4.0932
0.1351055357632227,4.0932
0.13483146067415722,4.0932
0.13455741298986013,4.0933
0.13428336530556306,4.0934
0.134009317621266,4.0935
0.13373529734173736,4.0936
0.13346122225267187,4.0936
0.13318718827075907,4.0937
0.13291315428884617,4.0937
0.13263909290216494,4.0937
0.1323650315154836,4.0936
0.13209101123595496,4.0937
0.13181693614688947,4.0937
0.13154291586736083,4.0937
0.1312688544806796,4.0937
0.13099479309399825,4.0938
0.13072075911208544,4.0939
0.13044669772540413,4.094
0.1301726774458755,4.0941
0.12989861605919426,4.0942
0.1296245683748972,4.0942
0.12935052069060013,4.0943
0.12907647300630304,4.0943
0.12880243902439015,4.0944
0.1285283776377089,4.0943
0.12825434365579602,4.0942
0.12798029597149896,4.0944
0.12770623458481772,4.0943
0.12743217319813638,4.0944
0.12715815291860774,4.0944
0.12688407782954225,4.0945
0.12661004384762944,4.0945
0.12633599616333238,4.0948
0.12606196218141946,4.0948
0.12578790079473823,4.0949
0.12551385311044116,4.0949
0.12523979172375985,4.095
0.12496575774184704,4.095
0.1246916963551657,4.0951
0.1244176623732529,4.095
0.12414362839134,4.0949
0.12386958070704293,4.095
0.1235955193203617,4.0951
0.12332148533844879,4.0951
0.12304742395176756,4.0951
0.1227733762674705,4.0952
0.12249931488078916,4.0953
0.12222526719649209,4.0954
0.12195121951219502,4.0956
0.12167717182789796,4.0956
0.12140313784598515,4.0956
0.12112907645930382,4.0957
0.12085504247739103,4.0957
0.12058099479309395,4.0958
0.12030694710879689,4.0957
0.12003289942449982,4.0957
0.11975883803781848,4.0958
0.11948480405590568,4.0958
0.11921074266922435,4.0959
0.11893669498492727,4.0959
0.11866263359824604,4.096
0.11838862702110158,4.0961
0.11811455193203607,4.0963
0.11784051795012328,4.0964
0.11756648396821037,4.0964
0.11729243628391331,4.0965
0.1170183611948478,4.0965
0.116744327212935,4.0965
0.11647027952863793,4.0965
0.11619624554672503,4.0965
0.11592217045765953,4.0965
0.11564812277336246,4.0966
0.11537408879144967,4.0967
0.11510002740476832,4.0967
0.11482599342285553,4.0967
0.11455194573855847,4.0968
0.11427789805426139,4.097
0.11400383666758006,4.0971
0.113729788983283,4.0972
0.11345576870375436,4.0972
0.11318169361468886,4.0973
0.11290764593039179,4.0973
0.11263359824609472,4.0973
0.1123595779665661,4.0973
0.11208551657988486,4.0973
0.11181148259797195,4.0974
0.11153743491367489,4.0975
0.11126337352699366,4.0976
0.11098931214031231,4.0975
0.11071527815839952,4.0976
0.11044124417648661,4.0978
0.11016716908742111,4.098
0.10989312140312404,4.098
0.10961910112359541,4.0981
0.10934503973691417,4.0982
0.10907097835023284,4.0982
0.10879694436832003,4.0983
0.10852286927925454,4.0983
0.10824883529734164,4.0982
0.10797480131542883,4.0983
0.10770075363113177,4.0984
0.1074267059468347,4.0984
0.10715265826253763,4.0985
0.10687861057824057,4.0986
0.10660457659632766,4.0986
0.10633050150726217,4.0987
0.10605646752534936,4.0989
0.10578243354343646,4.099
0.10550835845437095,4.0991
0.10523431077007389,4.0992
0.10496026308577683,4.0992
0.10468622910386402,4.0993
0.10441215401479852,4.0994
0.1041381337352699,4.0994
0.10386408605097282,4.0994
0.10359005206905993,4.0995
0.10331600438476285,4.0995
0.10304192929569735,4.0996
0.10276789531378455,4.0996
0.10249384762948749,4.0997
0.10221979994519031,4.0998
0.10194576596327752,4.0998
0.10167171827898044,4.0999
0.10139764318991505,4.1
0.10112359550561797,4.1003
0.10084957522608924,4.1004
0.10057551383940791,4.1004
0.10030146615511085,4.1005
0.10002741847081377,4.1005
0.09975335708413263,4.1007
0.09947932310221964,4.1005
0.09920527541792257,4.1007
0.09893121403124143,4.1007
0.09865716634694437,4.1008
0.09838313236503136,4.1009
0.0981090846807343,4.1009
0.09783502329405316,4.1011
0.09756100301452443,4.1011
0.0972869416278431,4.1013
0.0970129076459303,4.1015
0.09673885996163323,4.1016
0.09646478487256782,4.1017
0.09619075089065483,4.1017
0.09591671690874203,4.1018
0.09564264181967662,4.1018
0.09536860783776363,4.1018
0.09509456015346655,4.1019
0.09482048506440115,4.102
0.09454645108248835,4.102
0.09427241710057535,4.1022
0.09399836941627829,4.1022
0.09372433543436548,4.1024
0.09345028775006842,4.1026
0.09317622636338709,4.1027
0.09290216497670595,4.1028
0.09262814469717721,4.1029
0.09235408331049588,4.103
0.0920800356261988,4.103
0.09180597423951768,4.1031
0.0915319265552206,4.1031
0.0912578925733076,4.1032
0.09098384488901054,4.1032
0.09070979720471348,4.1033
0.09043573581803234,4.1035
0.09016170183611934,4.1035
0.08988765415182227,4.1037
0.08961362016990947,4.1038
0.08933954508084406,4.104
0.08906551109893107,4.1041
0.08879147711701826,4.1042
0.08851741573033693,4.1043
0.08824336804603987,4.1044
0.08796933406412706,4.1045
0.08769528637983,4.1046
0.08742122499314867,4.1046
0.08714717730885159,4.1046
0.08687312962455453,4.1047
0.08659909564264173,4.1048
0.08632503425596039,4.105
0.08605098657166332,4.105
0.08577692518498219,4.1052
0.08550290490545345,4.1053
0.08522884351877212,4.1055
0.08495479583447506,4.1056
0.08468076185256225,4.1057
0.08440671416826519,4.1058
0.08413265278158386,4.1059
0.08385861879967105,4.106
0.08358457111537398,4.106
0.08331050972869265,4.1061
0.08303644834201152,4.1062
0.08276240065771444,4.1063
0.0824883803781857,4.1064
0.08221431899150437,4.1066
0.08194028500959158,4.1066
0.08166622362291023,4.1068
0.08139214853384484,4.107
0.08111811455193203,4.1071
0.0808440531652507,4.1072
0.08057001918333791,4.1074
0.08029597149904083,4.1075
0.08002193751712783,4.1075
0.07974790353521503,4.1075
0.0794738421485337,4.1076
0.07919978076185256,4.1078
0.07892576048232383,4.1078
0.0786516990956425,4.108
0.07837766511372969,4.108
0.07810360372704836,4.1082
0.0778295560427513,4.1083
0.07755549465607016,4.1084
0.07728144697177308,4.1087
0.0770074129898601,4.1088
0.07673337900794729,4.109
0.07645930391888188,4.109
0.07618526993696889,4.1092
0.07591122225267181,4.1093
0.07563717456837475,4.1094
0.07536312688407769,4.1094
0.07508906549739655,4.1094
0.07481501781309947,4.1096
0.07454097012880241,4.1097
0.07426692244450535,4.1099
0.07399287476020827,4.1099
0.07371882707591121,4.11
0.07344477939161415,4.1102
0.07317073170731707,4.1105
0.07289669772540408,4.1106
0.07262263633872294,4.1107
0.07234860235680994,4.1108
0.07207456837489713,4.1109
0.0718005069882158,4.111
0.071526473006303,4.1111
0.0712523979172376,4.1112
0.0709783639353246,4.1113
0.07070431625102754,4.1114
0.07043026856673046,4.1115
0.0701562208824334,4.1117
0.06988217319813633,4.1118
0.06960812551383926,4.1119
0.06933406412715813,4.1122
0.06906003014524513,4.1123
0.06878596875856399,4.1125
0.06851193477665099,4.1126
0.06823787338996985,4.1128
0.06796385311044112,4.1129
0.06768979172375979,4.1129
0.06741574403946272,4.113
0.06714168265278159,4.1131
0.06686766237325285,4.1132
0.06659360098657152,4.1133
0.06631955330227444,4.1134
0.06604551932036165,4.1136
0.06577145793368032,4.1137
0.06549739654699918,4.1139
0.0652233488627021,4.1142
0.06494931488078912,4.1144
0.06467526719649204,4.1145
0.0644012058098109,4.1146
0.06412717182789791,4.1148
0.0638531378459851,4.1149
0.06357907645930377,4.1149
0.06330502877500671,4.115
0.06303096738832557,4.1151
0.06275694710879684,4.1153
0.0624828857221155,4.1154
0.06220883803781843,4.1156
0.06193476294875303,4.1157
0.0616607426692243,4.1159
0.06138669498492723,4.1161
0.06111266100301443,4.1164
0.060838599616333096,4.1165
0.06056453822965196,4.1166
0.06029049054535489,4.1168
0.060016442861057825,4.117
0.059742395176760756,4.1171
0.05946836119484775,4.1171
0.05919432721293496,4.1172
0.05892027952863789,4.1173
0.05864621814195655,4.1176
0.05837215675527542,4.1177
0.05809812277336242,4.1178
0.05782407508906535,4.118
0.057550027404768285,4.1182
0.057275979720471215,4.1185
0.057001945738558414,4.1186
0.05672788435187708,4.1188
0.05645383666758001,4.119
0.05617980268566721,4.1191
0.05590574129898588,4.1192
0.05563167991230474,4.1194
0.05535764593039174,4.1194
0.05508359824609468,4.1196
0.054809564264181876,4.1198
0.05453548917511647,4.12
0.054261468895587736,4.1201
0.053987407508906404,4.1203
0.053713359824609334,4.1206
0.05343932584269653,4.1208
0.053165250753631134,4.1211
0.052891203069334064,4.1212
0.052617155385036994,4.1214
0.05234313510550827,4.1216
0.0520690874212112,4.1217
0.05179499862976152,4.1218
0.05152096464784873,4.122
0.051246944368319995,4.1221
0.05097286927925459,4.1222
0.050698821594957526,4.1225
0.050424787613044524,4.1226
0.050150739928747454,4.1228
0.04987669224445039,4.1231
0.04960264456015332,4.1234
0.04932859687585625,4.1236
0.04905456289394345,4.1238
0.04878050150726212,4.124
0.04850645382296505,4.1242
0.04823241984105225,4.1243
0.047958358454370915,4.1245
0.04768429706768978,4.1246
0.047410263085776776,4.1248
0.04713621540147971,4.125
0.04686216771718264,4.1252
0.04658813373526984,4.1254
0.04631405864620444,4.1256
0.04604002466429144,4.1259
0.04576597697999437,4.1262
0.04549192929569731,4.1264
0.04521788161140024,4.1267
0.044943847629487436,4.1268
0.044669786242806105,4.1271
0.044395752260893304,4.1273
0.044121704576596234,4.1275
0.0438476431899149,4.1275
0.04357359550561783,4.1278
0.04329956152370503,4.128
0.043025486434639625,4.1282
0.04275143875034256,4.1285
0.04247741847081383,4.1287
0.04220334338174842,4.1289
0.04192928199506709,4.1293
0.04165524801315429,4.1296
0.041381227733625556,4.1298
0.041107166346944224,4.1301
0.040833118662647154,4.1303
0.040559057275966016,4.1305
0.04028502329405302,4.1307
0.040010961907371884,4.1309
0.03973692792545888,4.131
0.039462866538777744,4.1313
0.03918883255686475,4.1316
0.03891478487256768,4.1318
0.03864072348588654,4.1321
0.038366689503973546,4.1323
0.03809262811729241,4.1327
0.03781858043299534,4.1331
0.03754454645108234,4.1333
0.03727049876678527,4.1336
0.03699646478487247,4.1339
0.03672238969580707,4.1342
0.03644835571389407,4.1344
0.03617429432721293,4.1347
0.03590026034529994,4.135
0.03562621266100287,4.1351
0.03535215127432173,4.1353
0.035078117292408735,4.1356
0.0348040559057276,4.1359
0.034530021923814595,4.1362
0.03425597423951753,4.1364
0.03398192655522046,4.1367
0.03370787887092339,4.1371
0.03343384488901059,4.1375
0.03315976979994519,4.1379
0.03288573581803219,4.1381
0.03261168813373512,4.1385
0.03233764044943806,4.1388
0.03206359276514099,4.1391
0.03178954508084392,4.1394
0.031515497396546854,4.1397
0.031241463414634053,4.1399
0.030967402027952718,4.1401
0.03069334064127158,4.1404
0.03041932036174285,4.1408
0.030145258975061515,4.1412
0.029871211290764445,4.1414
0.029597177308851644,4.1418
0.029323129624554578,4.1421
0.029049068237873243,4.1425
0.028775034255960442,4.1429
0.028500972869279106,4.1433
0.028226911482597972,4.1436
0.027952877500684974,4.144
0.027678829816387904,4.1444
0.02740476842970677,4.1447
0.02713073444779377,4.1451
0.026856673061112633,4.1454
0.026582639079199635,4.1457
0.026308605097286834,4.1459
0.02603453000822143,4.1464
0.025760509728692697,4.1467
0.02548646204439563,4.1471
0.025212414360098565,4.1474
0.02493835297341723,4.1478
0.02466429158673609,4.1482
0.02439027130720736,4.1487
0.024116209920526026,4.1491
0.02384213483146062,4.1495
0.023568100849547823,4.1499
0.02329406686763482,4.1503
0.023020019183337754,4.1507
0.022745985201424953,4.151
0.02247191011235955,4.1514
0.022197862428062484,4.1518
0.021923814743765414,4.1522
0.021649780761852415,4.1526
0.02137573307755535,4.153
0.02110167169087421,4.1534
0.02082765141134548,4.1538
0.020553590024664146,4.1542
0.020279528637983008,4.1547
0.020005480953685942,4.1553
0.019731446971772943,4.1557
0.019457399287475873,4.1562
0.019183351603178807,4.1566
0.01890930391888174,4.1571
0.01863526993696894,4.1575
0.018361208550287604,4.1578
0.018087147163606467,4.1583
0.017813113181693468,4.1587
0.017539051795012334,4.1591
0.01726501781309933,4.1596
0.016990970128802265,4.1601
0.016716908742121128,4.1605
0.01644287476020813,4.1611
0.016168827075911062,4.1617
0.01589479309399826,4.1622
0.015620745409701193,4.1627
0.015346684023019858,4.1632
0.015072622636338722,4.1637
0.01479860235680999,4.1642
0.014524540970128655,4.1646
0.014250493285831589,4.165
0.013976431899150453,4.1655
0.01370241161962172,4.166
0.013428336530556317,4.1665
0.013154302548643318,4.167
0.012880241161962182,4.1675
0.012606207180049182,4.1682
0.012332145793368046,4.1686
0.012058111811455047,4.1691
0.011784077829542246,4.1698
0.01151001644286091,4.1704
0.011235955056179775,4.171
0.010961934776651043,4.1716
0.010687873389969708,4.1721
0.01041382570567264,4.1726
0.010139778021375572,4.1733
0.009865730337078505,4.1737
0.00959166895039737,4.1743
0.009317634968484369,4.1748
0.009043573581803233,4.1753
0.008769539599890235,4.1759
0.008495505617977434,4.1765
0.008221444231296098,4.1771
0.007947396546999032,4.1777
0.007673362565086231,4.1782
0.0073993011784048955,4.1789
0.00712523979172376,4.1796
0.006851219512195028,4.1803
0.00657717182789796,4.1809
0.006303096738832557,4.1816
0.006029062756919557,4.1821
0.0057550013702384216,4.1828
0.005480953685941353,4.1834
0.005206919704028354,4.1839
0.0049328720197312865,4.1845
0.004658810633050151,4.1852
0.004384762948753083,4.1858
0.004110728966840084,4.1865
0.0038366675801589476,4.1871
0.0035626473006302155,4.1879
0.003288572211564812,4.1886
0.0030145382296518125,4.1894
0.0027404631405864095,4.19
0.002466442861057677,4.1907
0.0021923814743765417,4.1914
0.0019183474924635419,4.1921
0.0016443135105507418,4.1927
0.001370265826253674,4.1933
0.0010962181419566063,4.194
0.0008221293505069355,4.1947
0.0005480953685941354,4.1955
0.0002740476842970677,4.1962
0.0,4.1969
