0.0,4.1413
0.000279068457183671,4.1407
0.0005581257521870396,4.1403
0.0008371635133751835,4.1398
0.0011162208083787552,4.1392
0.0013952655459294357,4.1387
0.0016743256314779814,4.1381
0.001953392693389064,4.1375
0.002232429059304619,4.1371
0.002511489144853165,4.1365
0.0027905534162190704,4.1361
0.003069610711222642,4.1356
0.003348647077138197,4.1352
0.003627729487047145,4.1348
0.003906772829325237,4.1344
0.004185834310146168,4.134
0.004464898581512277,4.1336
0.004743937737973009,4.1331
0.005022981080251101,4.1327
0.005302028608346959,4.1322
0.005581084508077942,4.1317
0.005860143198353899,4.1312
0.006139189331177168,4.1307
0.006418246626180537,4.1303
0.006697305316456494,4.1299
0.006976373773640165,4.1294
0.007255421301735819,4.129
0.007534477201466803,4.1287
0.007813533101197786,4.1283
0.008092583419838617,4.128
0.008371642110114574,4.1276
0.008650686847665255,4.1272
0.008929753909576338,4.1268
0.009208788880219507,4.1264
0.009487860127948153,4.126
0.009766920213496495,4.1255
0.010045962160502202,4.1251
0.01032500968859806,4.1247
0.010604078145781732,4.1244
0.010883115906969875,4.124
0.011162189945243494,4.1236
0.011441227706431637,4.1233
0.011720279420345057,4.1231
0.01199934648225614,4.1227
0.01227840238198692,4.1224
0.012557447119537804,4.122
0.012836515576721273,4.1216
0.01311555194263703,4.1213
0.013394623190365676,4.1208
0.013673667927916357,4.1204
0.013952715456012213,4.1201
0.014231774146288172,4.1197
0.014510828650746566,4.1194
0.014789888736294908,4.1191
0.015068936264390766,4.1188
0.015348000535756875,4.1185
0.015627060621305217,4.1183
0.015906119311581174,4.118
0.01618515149167937,4.1177
0.01646422552995299,4.1173
0.01674326608168611,4.1171
0.017022315005054554,4.1167
0.017301393229145735,4.1164
0.017580439361969003,4.116
0.017859498052244963,4.1156
0.01813854418506823,4.1154
0.0184176014800716,4.115
0.01869667133252786,4.1148
0.01897571607007854,4.1144
0.019254752435994095,4.1142
0.01953380694045249,4.114
0.019812867026001036,4.1138
0.020091936878457093,4.1135
0.020370970453827672,4.1132
0.02065005146846403,4.113
0.020929097601287302,4.1126
0.021208133967202857,4.1123
0.021487203819659115,4.1119
0.021766259719389898,4.1117
0.022045307247485754,4.1115
0.022324364542489122,4.1112
0.02260340648949483,4.1109
0.022882476341951088,4.1106
0.023161512707866642,4.1104
0.0234405825603227,4.1102
0.023719637064781095,4.1101
0.02399868598814954,4.1098
0.02427774328315291,4.1096
0.02455681174033658,4.1093
0.024835859268432237,4.1091
0.025114917958708193,4.1088
0.025393969672621614,4.1085
0.025673006038537168,4.1082
0.025952078681538402,4.1079
0.026231127604906646,4.1078
0.02651017234245753,4.1075
0.026789232428005873,4.1073
0.027068277165556754,4.1071
0.02734735818019291,4.1068
0.027626393150836082,4.1067
0.02790543928365935,4.1065
0.02818450774084302,4.1063
0.028463569221663952,4.1061
0.02874260977339707,4.1059
0.029021668463673028,4.1057
0.029300739711401673,4.1055
0.02957979282058768,4.1052
0.029858854301408614,4.1048
0.030137875319326508,4.1047
0.030416934009602464,4.1044
0.030695989909333445,4.1043
0.030975059761789502,4.104
0.03125410728988536,4.1039
0.03153315342270863,4.1037
0.031812220484619715,4.1035
0.03209128057016806,4.1034
0.032370315540811226,4.1032
0.03264939795072017,4.103
0.03292843013081816,4.1028
0.033207476263641435,4.1026
0.033486537744462364,4.1024
0.03376561317800857,4.1022
0.034044664891922,4.1019
0.03432371939638039,4.1017
0.034602771110293605,4.1015
0.03488182142893444,4.1014
0.03516088988611811,4.1012
0.03543992625203366,4.101
0.035718973780129525,4.1008
0.03599803247040548,4.1007
0.03627708837013646,4.1006
0.03655614706041242,4.1004
0.0368351917979631,4.1003
0.037114267231509304,4.1001
0.03739330778324242,4.0999
0.037672365078246,4.0997
0.037951420977976776,4.0994
0.03823046571552766,4.0992
0.03850952719634859,4.099
0.03878857193389927,4.0988
0.039067640391082945,4.0987
0.0393466990813589,4.0986
0.03962575637636227,4.0984
0.039904794137550416,4.0982
0.04018384864200881,4.0982
0.04046291709919248,4.0981
0.0407419576509256,4.0979
0.04102103308447201,4.0977
0.041300079217295074,4.0976
0.041579115583210834,4.0975
0.0418581728782142,4.0972
0.042137241335397875,4.097
0.04241628886349353,4.0968
0.042695336391589386,4.0967
0.04297439089604778,4.0965
0.04325347051541155,4.0964
0.04353250409078213,4.0962
0.04381157533851077,4.096
0.04409062286660664,4.0959
0.044369680161610005,4.0959
0.04464871513225317,4.0958
0.044927775217801516,4.0956
0.04520682135062478,4.0955
0.04548587864562836,4.0953
0.04576494570753944,4.0952
0.04604399323563509,4.0949
0.046323051925911046,4.0947
0.046602096663461934,4.0945
0.0468811539584653,4.0944
0.04716020288183354,4.0942
0.047439271339017215,4.0941
0.047718330029293175,4.094
0.047997383138478976,4.0939
0.04827642927130225,4.0938
0.0485554767993981,4.0938
0.04883454804712675,4.0936
0.049113616504310426,4.0934
0.04939265147495339,4.0934
0.04967169621250427,4.0932
0.049950756298052616,4.093
0.05022980243087589,4.0927
0.05050886949278697,4.0926
0.0507879198114278,4.0924
0.05106698826861147,4.0923
0.05134603161088976,4.0921
0.05162509030116572,4.092
0.051904144805624115,4.0919
0.05218319093844739,4.0919
0.05246224962872334,4.0918
0.05274130552845412,4.0916
0.053020355847094955,4.0915
0.05329942151373365,4.0914
0.053578459274921796,4.0913
0.05385751517465258,4.0911
0.054136596189288934,4.0909
0.05441561860247942,4.0906
0.05469467729275537,4.0906
0.05497375691211914,4.0904
0.05525281420712251,4.0903
0.05553185894467319,4.0901
0.05581090786804164,4.09
0.05608995818668247,4.0898
0.05636903362022868,4.0899
0.05664806998614424,4.0898
0.05692711890951248,4.0896
0.057206184576151176,4.0895
0.05748523210424683,4.0894
0.057764288003977815,4.0892
0.058043336927346055,4.089
0.05832241375616485,4.0889
0.05860143895990031,4.0887
0.05888050881235637,4.0885
0.05915954657354451,4.0883
0.059438610844910617,4.0883
0.059717668139913985,4.0881
0.05999671566800984,4.088
0.06027576180083311,4.088
0.06055484142019688,4.0879
0.06083388894829274,4.0878
0.06111294624329611,4.0877
0.061391995166664354,4.0876
0.061671039904215234,4.0874
0.06195010557085373,4.0873
0.062229164261129684,4.087
0.06250820202231783,4.0869
0.06278726768895633,4.0867
0.06306630824068965,4.0866
0.06334537251205555,4.0865
0.06362441585433384,4.0863
0.0639034745446098,4.0862
0.06418253463015836,4.0862
0.06446159192516172,4.0862
0.06474064922016509,4.086
0.06501969674826094,4.0859
0.06529875962435447,4.0858
0.06557780017608758,4.0857
0.06585686165690871,4.0855
0.06613594267154507,4.0853
0.06641498461855058,4.0851
0.06669403214664643,4.085
0.0669731006038301,4.0849
0.06725213417920069,4.0848
0.06753118170729634,4.0847
0.0678102417928449,4.0845
0.06808929769257588,4.0844
0.06836835359230665,4.0843
0.06864740391094748,4.0842
0.06892646957758618,4.0842
0.06920552687258955,4.0842
0.06948456184323272,4.084
0.06976364704368664,4.0839
0.07004268899069215,4.0838
0.07032173651878801,4.0837
0.07060080497597167,4.0835
0.07087983994661463,4.0833
0.071158920961251,4.0832
0.07143794476971387,4.0831
0.07171700066944485,4.083
0.0719960607549934,4.0829
0.07227512781690448,4.0828
0.07255418511190785,4.0827
0.07283322008255101,4.0826
0.07311230109718737,4.0826
0.07339133467255775,4.0825
0.07367039615337889,4.0824
0.07394944089092957,4.0823
0.07422848981429782,4.0822
0.07450756524784402,4.0821
0.07478661138066729,4.0818
0.07506567007094325,4.0818
0.07534471620376651,4.0816
0.07562376373186237,4.0815
0.07590282102686574,4.0815
0.07618189227459439,4.0814
0.07646093840741766,4.0812
0.07673998174969596,4.0813
0.07701903904469933,4.0813
0.07729809075861274,4.0812
0.07757715642525123,4.0811
0.07785622767298009,4.081
0.07813528217743848,4.0809
0.07841431575280886,4.0808
0.07869336607144968,4.0807
0.0789724415049959,4.0806
0.07925150019527205,4.0803
0.07953054632809511,4.0802
0.07980960780891626,4.0801
0.08008863161737913,4.08
0.08036770007456279,4.0799
0.08064675597429358,4.0799
0.08092580350238943,4.0799
0.08120485940212041,4.0799
0.08148390693021607,4.0799
0.08176296422521964,4.0797
0.08204204384458341,4.0797
0.082321077419954,4.0796
0.08260015006295503,4.0795
0.08287918224305321,4.0794
0.08315824093332917,4.0791
0.08343728846142483,4.0791
0.0837163569186085,4.079
0.08399542258524699,4.079
0.08427448546134071,4.0788
0.08455352880361881,4.0787
0.08483257493644208,4.0787
0.08511162246453793,4.0787
0.0853906685973612,4.0787
0.08566973565927229,4.0786
0.08594878458264053,4.0786
0.08622787536418461,4.0785
0.08650688940573976,4.0784
0.08678594809601571,4.0782
0.0870650026004741,4.0781
0.0873440696623852,4.078
0.08762310602830074,4.078
0.0879021647185767,4.0779
0.08818121364194514,4.0778
0.08846026954167593,4.0777
0.08873932544140692,4.0777
0.08901838552695546,4.0778
0.08929744003141385,4.0777
0.08957650151223479,4.0776
0.08985554485451308,4.0775
0.09013460214951645,4.0775
0.0904136510728847,4.0774
0.09069271813479578,4.0773
0.09097176426761905,4.0771
0.09125082435316759,4.0771
0.09152987048599086,4.0769
0.09180893615262935,4.0769
0.09208801577199333,4.0768
0.09236705213790888,4.0768
0.09264608989909702,4.0767
0.09292515556573552,4.0768
0.09320419751274123,4.0768
0.0934832757368324,4.0767
0.0937623190791107,4.0766
0.09404137637411407,4.0766
0.09432043227384505,4.0765
0.09459946724448823,4.0764
0.09487853709694428,4.0763
0.09515758602031252,4.0761
0.09543664052477092,4.076
0.09571569781977449,4.076
0.09599474674314273,4.0759
0.09627380822396367,4.0758
0.09655286272842206,4.0758
0.09683192839506076,4.0758
0.09711096755152128,4.0757
0.09739001228907217,4.0757
0.09766908353680082,4.0757
0.09794812548380652,4.0757
0.09822718556935486,4.0757
0.09850624007381326,4.0756
0.09878530155463439,4.0755
0.09906433931582254,4.0754
0.09934342591154885,4.0753
0.09962246088219201,4.0752
0.09990150980556026,4.0751
0.10018057686747134,4.075
0.10045962718611218,4.075
0.10073868448111555,4.0749
0.10101773619502896,4.0748
0.10129679488530492,4.0749
0.10157584659921834,4.0749
0.10185488715095145,4.0749
0.10213395142231757,4.0748
0.10241302546059118,4.0748
0.10269206322177933,4.0747
0.10297113028369041,4.0746
0.10325016525433357,4.0746
0.10352921138715684,4.0746
0.10380829379706559,4.0744
0.10408734132516145,4.0744
0.10436639722489223,4.0742
0.10464545312462321,4.0742
0.10492451321017177,4.0741
0.10520355794772245,4.0741
0.10548259431363799,4.074
0.10576165021336897,4.0739
0.10604071727528006,4.0739
0.10631977736082861,4.0739
0.10659881093619919,4.074
0.10687786823120256,4.0739
0.10715693668838623,4.0738
0.1074359939833896,4.0738
0.10771503034930516,4.0738
0.1079941113639415,4.0736
0.10827313796294956,4.0735
0.10855221618704074,4.0734
0.10883126511040898,4.0734
0.10911030705741469,4.0733
0.10938935737605551,4.0732
0.10966842164742163,4.0732
0.10994749010460529,4.0731
0.11022653763270095,4.0731
0.11050559492770452,4.0731
0.1107846410605278,4.0731
0.11106369835553116,4.0732
0.11134274727889941,4.0731
0.11162179341172268,4.0731
0.11190086326417893,4.0729
0.11217990800172961,4.0729
0.11245898762109338,4.0729
0.11273801701064641,4.0727
0.11301706872455983,4.0726
0.1132961595061037,4.0725
0.11357517215238647,4.0725
0.1138542447953877,4.0725
0.11413330209039106,4.0724
0.11441234403739677,4.0724
0.114691416680398,4.0723
0.11497045165104097,4.0723
0.11524951871295205,4.0723
0.1155285787985006,4.0724
0.11580761237387117,4.0723
0.11608666966887454,4.0723
0.11636573254496807,4.0722
0.11664479542106158,4.0721
0.11692384294915745,4.072
0.11720289884888843,4.0718
0.1174819673060721,4.0718
0.11776099250980736,4.0718
0.11804006096699103,4.0717
0.11831910709981429,4.0717
0.11859815881372772,4.0716
0.11887722448036621,4.0716
0.11915629154227729,4.0716
0.11943535023255325,4.0717
0.11971437404101612,4.0716
0.11999343133601968,4.0716
0.12027251095538345,4.0715
0.12055153615911891,4.0714
0.12083060601157497,4.0714
0.12110964935385327,4.0712
0.12138872060158191,4.0711
0.12166776673440517,4.071
0.12194682263413596,4.0711
0.12222587713859435,4.071
0.1225049469910506,4.071
0.12278398614751114,4.0709
0.123063033675607,4.0708
0.12334208957533799,4.0709
0.12362116082306662,4.0708
0.12390020835116228,4.0709
0.12417926704143824,4.0708
0.12445831038371653,4.0708
0.12473735512126721,4.0707
0.1250164124162708,4.0707
0.12529548226872683,4.0706
0.12557453956373021,4.0704
0.12585357313910078,4.0703
0.12613264159628446,4.0703
0.1264116919149253,4.0702
0.1266907464193837,4.0702
0.12696979255220697,4.0702
0.1272488526377555,4.0702
0.12752790853748627,4.0701
0.12780696722776225,4.0701
0.1280860133605855,4.0701
0.1283650929799495,4.0701
0.12864414190331772,4.0701
0.12892320198886628,4.07
0.12920223277369167,4.07
0.12948128867342265,4.0699
0.12976034596842603,4.0697
0.13003941582088208,4.0697
0.13031846195370536,4.0696
0.13059753041088903,4.0695
0.1308765542193519,4.0695
0.13115561151435548,4.0695
0.1314346729951764,4.0694
0.13171372749963478,4.0693
0.13199279874736344,4.0694
0.1322718448801867,4.0694
0.1325508896177374,4.0694
0.13282993575056065,4.0693
0.13310900839356188,4.0693
0.1333880601074753,4.0692
0.13366710763557096,4.0692
0.1339461705116645,4.069
0.13422523478303058,4.0689
0.13450429207803416,4.0688
0.13478333821085722,4.0688
0.13506239969167835,4.0687
0.13534144303395645,4.0687
0.13562047800459961,4.0687
0.13589955762396339,4.0686
0.13617860515205926,4.0687
0.13645765128488252,4.0686
0.13673669881297817,4.0686
0.13701575471270916,4.0686
0.13729482037934765,4.0685
0.1375738916270765,4.0685
0.13785291683081174,4.0683
0.13813196854472518,4.0682
0.1384110523499065,4.0683
0.13869007755364196,4.0681
0.13896914740609803,4.0681
0.13924819632946647,4.068
0.1395272717630127,4.068
0.13980630812892822,4.0679
0.14008536960974916,4.0678
0.14036443527638787,4.0677
0.14064347024703083,4.0678
0.14092251917039927,4.0678
0.14120160018503564,4.0677
0.14148064213204115,4.0677
0.1417597008223171,4.0676
0.14203873997877783,4.0676
0.14231779587850882,4.0676
0.14259686712623745,4.0675
0.14287589791106287,4.0673
0.14315496636824654,4.0672
0.14343403901124777,4.0672
0.14371307258661833,4.0671
0.14399212988162172,4.0671
0.1442711969435328,4.067
0.14455023191417596,4.0669
0.1448292919997243,4.0669
0.14510836185218057,4.0668
0.14538740240391368,4.0669
0.14566646388473461,4.0669
0.1459454974601052,4.0668
0.14622455475510876,4.0668
0.14650361902647469,4.0667
0.14678268469311337,4.0666
0.14706174059284416,4.0665
0.14734077416821473,4.0665
0.147619844020671,4.0662
0.14789890550149193,4.0662
0.14817795861067773,4.0661
0.14845701869622627,4.0662
0.14873604110941677,4.066
0.1490151011949651,4.066
0.14929416965214878,4.0659
0.14957321299442708,4.066
0.14985228005633816,4.066
0.15013133177025137,4.0659
0.15041038766998235,4.0658
0.15068942124535292,4.0658
0.150968491097809,4.0657
0.15124754002117743,4.0656
0.1515266196405412,4.0655
0.1518056518206392,4.0653
0.15208469795346247,4.0653
0.15236377757282624,4.0652
0.1526428125434694,4.0651
0.15292187262901774,4.0651
0.15320091736656863,4.065
0.15347999000956966,4.065
0.15375902358494026,4.065
0.15403809064685134,4.065
0.15431714933712729,4.0649
0.15459619407467817,4.0649
0.15487525276495412,4.0648
0.1551542988977774,4.0647
0.15543336875023345,4.0646
0.15571240232560404,4.0644
0.1559914721780601,4.0643
0.15627054203051635,4.0643
0.15654957700115932,4.0641
0.15682863569143526,4.0641
0.15710769159116625,4.064
0.15738675028144222,4.064
0.15766579362372052,4.0638
0.15794486626672155,4.0639
0.15822389984209212,4.0639
0.1585029557418231,4.0638
0.15878203536118687,4.0637
0.15906107591291999,4.0637
0.15934011227883574,4.0636
0.15961918771238195,4.0634
0.1598982338452052,4.0632
0.16017730648820647,4.0631
0.16045635122575713,4.063
0.16073538340585514,4.0629
0.16101446581576387,4.0629
0.16129349799586207,4.0628
0.16157256645304555,4.0627
0.16185161816695895,4.0626
0.16213067546196233,4.0626
0.16240971740896804,4.0624
0.16268877888978917,4.0624
0.16296783478951996,4.0623
0.1632468934797959,4.0623
0.16352596472752476,4.0623
0.16380500388398528,4.0621
0.16408406117898866,4.0621
0.16436310173072197,4.062
0.16464215623518036,4.0619
0.16492121492545633,4.0618
0.1652002931495475,4.0617
0.16547934346818835,4.0615
0.16575836588137882,4.0613
0.1660374217811096,4.0612
0.1663164776808406,4.0612
0.1665955391616615,4.061
0.16687459645666508,4.0609
0.16715365793748602,4.0607
0.16743272081357954,4.0608
0.1677117669464028,4.0607
0.16799082842722374,4.0606
0.16826986060732194,4.0606
0.16854892069287028,4.0604
0.16882799752168906,4.0603
0.1691070464450573,4.0601
0.16938607443933795,4.06
0.16966515126815654,4.0598
0.16994421833006784,4.0597
0.17022325469598337,4.0595
0.17050229385244392,4.0594
0.1707813595190826,4.0593
0.17106042658099369,4.0592
0.1713394699232718,4.0591
0.17161850907973253,4.0592
0.17189757893218857,4.059
0.17217663622719215,4.0589
0.17245567677892526,4.0588
0.1727347396550188,4.0586
0.17301378439256945,4.0585
0.17329285564029812,4.0583
0.173571900377849,4.0581
0.17385094651067226,4.0579
0.17413000380567564,4.0577
0.1744090722628593,4.0576
0.17468813095313526,4.0575
0.17496716731905082,4.0573
0.1752462357762345,4.0572
0.17552528190905775,4.0571
0.17580432804188104,4.0571
0.17608340905651718,4.057
0.17636246635152075,4.0568
0.17664151108907145,4.0566
0.1769205697793474,4.0565
0.17719961591217065,4.0563
0.177478696926807,4.056
0.1777577305021776,4.0558
0.17803676547282057,4.0557
0.17831584369691195,4.0556
0.17859490238718792,4.0553
0.1788739373578309,4.0551
0.17915299744337942,4.055
0.17943204636674767,4.0549
0.17971112459083904,4.0548
0.17999015677093705,4.0547
0.18026923080921087,4.0545
0.18054826159403628,4.0544
0.18082732726067477,4.0542
0.1811063887414959,4.054
0.18138543487431916,4.0538
0.1816644837976874,4.0535
0.1819435494643259,4.0533
0.18222259559714918,4.0531
0.18250164033470007,4.0528
0.1827807004202484,4.0527
0.18305974794834426,4.0525
0.18333880384807524,4.0523
0.1836178723052587,4.0521
0.18389691983335457,4.052
0.18417597712835793,4.0519
0.184455044190269,4.0516
0.18473409171836488,4.0514
0.18501312668900805,4.0512
0.18529220491309922,4.051
0.18557125383646747,4.0508
0.18585031252674342,4.0505
0.1861293684264744,4.0503
0.1864084033971176,4.0499
0.18668747743539119,4.0498
0.1869665193823969,4.0495
0.18724558086321783,4.0493
0.18752462281022353,4.0491
0.1878036926626798,4.0488
0.18808274019077545,4.0486
0.18836178771887133,4.0485
0.1886408659429627,4.0483
0.18891989951833307,4.048
0.1891989721613343,4.0478
0.189478037827973,4.0475
0.18975708396079627,4.0473
0.1900361356747095,4.0469
0.1903151887838953,4.0466
0.19059423491671856,4.0463
0.190873286630632,4.0461
0.1911523411350904,4.0458
0.19143140680172888,4.0456
0.19171044037709944,4.0453
0.191989500462648,4.045
0.19226854659547127,4.0449
0.19254761644792734,4.0447
0.19282666118547823,4.0444
0.19310572266629913,4.0441
0.19338477717075753,4.0438
0.1936638233035808,4.0436
0.1939428778080392,4.0432
0.19422195184631283,4.0428
0.1945009854216834,4.0425
0.19478004411195937,4.042
0.19505908884951023,4.0419
0.19533815033033117,4.0416
0.19561721599696966,4.0412
0.1958962663156105,4.041
0.19617531942479652,4.0407
0.19645438788197997,4.0405
0.19673344657225614,4.0402
0.19701247317126397,4.0399
0.19729152907099495,4.0396
0.1975705793896358,4.0393
0.19784964226572932,4.0389
0.19812868839855258,4.0386
0.1984077610415536,4.0382
0.19868679880274176,4.0379
0.19896585191192775,4.0375
0.19924492036911123,4.0371
0.1995240027790202,4.0368
0.19980304612129848,4.0365
0.20008209225412155,4.0361
0.20036116071130522,4.0357
0.20064018591504068,4.0354
0.2009192473958616,4.0351
0.2011983116672277,4.0348
0.20147734663787087,4.0345
0.2017564095139644,4.0342
0.2020354640184228,4.0338
0.20231453247560627,4.0335
0.20259356744624943,4.0331
0.20287261497434528,4.0328
0.20315168343152876,4.0324
0.20343075188871243,4.032
0.20370979941680828,4.0315
0.20398884275908638,4.0312
0.2042679056351799,4.0308
0.2045469475821856,4.0304
0.2048260132488243,4.0301
0.20510505240528484,4.0297
0.20538412086246852,4.0294
0.20566316978583674,4.0291
0.20594222429029513,4.0287
0.20622128856166125,4.0284
0.2065003388803021,4.028
0.20677941012803072,4.0276
0.20705843533176618,4.0272
0.20733748983622458,4.0268
0.20761656945558835,4.0263
0.20789562675059192,4.0259
0.20817466590705244,4.0255
0.20845371064460314,4.0252
0.2087327679396067,4.0248
0.20901184755897048,4.0244
0.20929089369179374,4.0241
0.20956994959152453,4.0238
0.20984897898107754,4.0234
0.21012804464771623,4.023
0.2104071117096273,4.0227
0.21068615923772296,4.0223
0.2109652207185441,4.0219
0.21124426824663975,4.0215
0.21152330879837308,4.0209
0.21180240097518954,4.0206
0.2120814471080128,4.0201
0.21236047231174826,4.0197
0.21263955053583944,4.0193
0.212918586901755,4.0189
0.21319763303457828,4.0186
0.2134767056775795,4.0183
0.2137557476245852,4.018
0.21403481747704126,4.0176
0.21431386640040972,4.0172
0.21459290834741543,4.0168
0.21487196564241878,4.0163
0.21515102433269476,4.0159
0.2154300858135157,4.0154
0.21570914171324665,4.0151
0.21598820040352262,4.0146
0.21626723537416578,4.0141
0.21654628987862418,4.0137
0.21682535973108025,4.0134
0.2171044170260836,4.0129
0.21738347432108718,4.0125
0.21766252324445542,4.0122
0.2179416014685468,4.0118
0.21822062946282725,4.0115
0.21849967280510532,4.0111
0.2187787287048363,4.0106
0.21905779716201998,4.0102
0.21933684887593322,4.0098
0.21961589221821148,4.0093
0.21989496067539516,4.0088
0.22017400680821844,4.0085
0.22045307387012952,4.008
0.22073213535095046,4.0076
0.22101115915941333,4.0072
0.22129021645441688,4.0067
0.22156928491160036,4.0063
0.2218483436018763,4.006
0.2221273869441546,4.0056
0.22240644423915798,4.0052
0.22268549037198124,4.0047
0.22296454348116726,4.0043
0.22324359659035306,4.0039
0.22352266644280913,4.0035
0.2238017125756324,4.0029
0.22408076987063597,4.0024
0.22435983693254705,4.0021
0.22463888864646026,4.0016
0.22491794036037369,4.0012
0.22519697533101685,4.0007
0.22547604378820033,4.0003
0.22575509271156877,3.9999
0.22603417372620513,3.9996
0.2263132073015755,3.9991
0.2265922632013065,3.9987
0.22687131212467473,3.9983
0.227150358257498,3.9978
0.22742943927213435,3.9974
0.2277084770333225,3.9969
0.22798754409523359,3.9963
0.22826659720441939,3.9958
0.22854564054669768,3.9955
0.22882469365588348,3.995
0.22910375234615946,3.9946
0.2293827984789827,3.9941
0.2296618655408938,3.9937
0.22994091027844468,3.9933
0.23021995641126794,3.993
0.2304990151015439,3.9926
0.2307780933256351,3.9922
0.23105711852937055,3.9917
0.23133619814873432,3.9913
0.23161524707210257,3.9908
0.2318943071576511,3.9904
0.2321733491046568,3.9898
0.23245240919020535,3.9893
0.2327314497419385,3.9889
0.23301052517548468,3.9884
0.23328958386576065,3.9881
0.23356863278912887,3.9875
0.2338476733408622,3.9872
0.2341267306358656,3.9868
0.2344057795592338,3.9865
0.2346848675502329,3.986
0.23496388438233304,3.9856
0.23524296260642444,3.9851
0.235521996181795,3.9847
0.23580105626734335,3.9842
0.23608011356234693,3.9837
0.2363591582998976,3.9832
0.23663821838544616,3.9828
0.23691727428517692,3.9824
0.2371963204180002,3.982
0.237475397246819,3.9815
0.23775444617018723,3.9811
0.2380335146273709,3.9808
0.23831255099328646,3.9804
0.23859161805519755,3.98
0.2388706446542056,3.9796
0.23914972427356937,3.9791
0.23942879133548045,3.9787
0.2397078374683037,3.9783
0.23998688639167196,3.9777
0.24026593112922284,3.9773
0.24054497447150094,3.9768
0.24082403455704948,3.9765
0.24110308766623528,3.976
0.2413821491470564,3.9756
0.2416612078373324,3.9751
0.24194025397015564,3.9748
0.2422193014982513,3.9745
0.24249836995543497,3.9741
0.24277742725043833,3.9737
0.2430564859407143,3.9732
0.24333552091135746,3.9728
0.2436145935543587,3.9724
0.24389364387299953,3.9718
0.24417269279636777,3.9714
0.24445174171973602,3.971
0.24473080180528456,3.9705
0.2450098646813781,3.9701
0.24528889965202125,3.9697
0.24556798066665741,3.9693
0.24584702679948067,3.9689
0.24612608548975665,3.9686
0.24640511906512721,3.9683
0.24668417915067575,3.9678
0.24696323644567914,3.9674
0.24724229234541012,3.967
0.2475213580120486,3.9666
0.24780042088814233,3.9661
0.24807947539260072,3.9657
0.24835851315378868,3.9652
0.24863758300624492,3.9648
0.2489166165816155,3.9644
0.24919568782934415,3.964
0.24947473117162225,3.9636
0.2497537800949907,3.9632
0.2500328583190819,3.9629
0.2503119002660876,3.9625
0.25059094918945585,3.9621
0.2508700302040922,3.9617
0.25114907633691547,3.9614
0.2514281252602837,3.961
0.2517071699978346,3.9605
0.2519862384550183,3.9599
0.25226527342566124,3.9596
0.25254433351120975,3.9592
0.2528234019683934,3.9589
0.2531024355437638,3.9584
0.25338148307185965,3.9581
0.25366053618104545,3.9576
0.2539396088240467,3.9574
0.25421866751432265,3.9571
0.25449771364714596,3.9566
0.2547767611752418,3.9562
0.25505583800406056,3.9559
0.25533488274161126,3.9555
0.2556139302697069,3.9551
0.25589300151743577,3.9546
0.256172026721171,3.9542
0.2564510923878097,3.9537
0.2567301747977185,3.9534
0.25700920837308905,3.953
0.2572882447390046,3.9526
0.2575673118009157,3.9522
0.25784638025809936,3.9519
0.2581254194145601,3.9516
0.258404478104836,3.9513
0.2586835312140219,3.9509
0.2589625801373901,3.9506
0.25924164719930115,3.9502
0.25952070588957715,3.9498
0.25979976178930814,3.9494
0.2600788079221314,3.949
0.26035785405495465,3.9486
0.26063691134995803,3.9481
0.2609159825976869,3.9477
0.26119501477778484,3.9474
0.2614740623058805,3.9471
0.2617531321583368,3.9466
0.26203217968643244,3.9463
0.2623112467483435,3.9459
0.2625902928811668,3.9456
0.2628693557572603,3.9453
0.263148397704266,3.945
0.2634274452323619,3.9447
0.2637065053179104,3.9443
0.2639855598223688,3.944
0.2642646171173722,3.9436
0.26454367580764815,3.9432
0.2648227219404714,3.9428
0.2651017778402024,3.9424
0.26538082397302565,3.942
0.26565988126802903,3.9416
0.26593893716776,3.9413
0.26621799725330836,3.9409
0.2664970643152194,3.9405
0.2667761118433153,3.9403
0.267055153790321,3.94
0.2673342055042344,3.9397
0.26761328651887056,3.9393
0.26789234241860155,3.939
0.2681713899466974,3.9387
0.26845043887006564,3.9383
0.2687294808170714,3.9379
0.2690085325309848,3.9374
0.2692875968023507,3.9372
0.2695666443304465,3.9368
0.2698457016254499,3.9364
0.2701247700826336,3.936
0.2704038399350899,3.9357
0.2706828735104602,3.9354
0.2709619210385561,3.9352
0.2712409783335595,3.9349
0.27152002446638274,3.9346
0.271799094318839,3.9342
0.27207816417129504,3.9339
0.27235720890884574,3.9335
0.27263626899439425,3.9332
0.27291530117449225,3.9328
0.27319435846949586,3.9323
0.27347340599759146,3.932
0.27375248561695525,3.9317
0.274031521982871,3.9314
0.27431057788260177,3.931
0.27458962680597027,3.9307
0.27486868270570103,3.9305
0.27514773023379685,3.9303
0.2754268000862529,3.93
0.27570585877652887,3.9296
0.2759849007235346,3.9293
0.27626396080908316,3.929
0.2765430278709942,3.9286
0.2768220628416374,3.9282
0.27710114525154617,3.9278
0.27738018859382446,3.9275
0.27765922775028495,3.9272
0.2779382906263785,3.9269
0.2782173409450193,3.9266
0.27849641079747556,3.9262
0.2787754443728462,3.9259
0.27905451283002963,3.9257
0.2793335617533981,3.9254
0.27961260509567615,3.9251
0.2798916763434048,3.9249
0.28017072387150066,3.9246
0.28044977698068646,3.9243
0.2807288259040549,3.924
0.2810078831990583,3.9236
0.2812869321224265,3.9234
0.28156600895124534,3.923
0.2818450550840686,3.9227
0.2821241165648895,3.9225
0.2824031599071678,3.922
0.2826822283643515,3.9216
0.28296126333499444,3.9214
0.2832403317921781,3.921
0.28351936955336626,3.9207
0.28379844777745744,3.9204
0.28407749251500836,3.9202
0.284356540043104,3.9199
0.2846356126861052,3.9197
0.2849146448662032,3.9194
0.2851937272761122,3.9192
0.28547275945621015,3.9189
0.2857518083795784,3.9185
0.2860308754414895,3.9183
0.28630991041213266,3.9178
0.28658900119367675,3.9175
0.2868680445359548,3.9172
0.28714708648296056,3.917
0.2874261409874189,3.9166
0.2877051982824223,3.9164
0.28798425697269825,3.9161
0.288263293338614,3.9159
0.28854237435325014,3.9156
0.28882142885770856,3.9154
0.28910047638580444,3.9151
0.28937951554226515,3.9149
0.28965856865145095,3.9145
0.289937638503907,3.9143
0.2902166957989106,3.9139
0.29049575309391396,3.9135
0.29077480062200983,3.9133
0.2910538565217406,3.913
0.29133290265456385,3.9127
0.29161195994956746,3.9124
0.2918910088729357,3.9122
0.29217005640103155,3.912
0.292449124858215,3.9118
0.29272817936267337,3.9115
0.293007236657677,3.9112
0.2932862744188651,3.9109
0.2935653414807762,3.9107
0.29384439040414445,3.9104
0.2941234476991478,3.91
0.29440251894687647,3.9097
0.29468155252224704,3.9094
0.2949606195841581,3.9092
0.29523968804134176,3.9089
0.2955187216167124,3.9086
0.2957977789117157,3.9084
0.2960768376019917,3.9081
0.29635587257263485,3.9079
0.2966349410298185,3.9076
0.29691400390591205,3.9073
0.2971930374812826,3.9072
0.29747209198574104,3.9069
0.2977511604429245,3.9067
0.29803021076156533,3.9064
0.2983092750329314,3.9062
0.29858832535157226,3.9059
0.29886737008912295,3.9056
0.2991464399415792,3.9052
0.29942549584131,3.905
0.29970453360249816,3.9047
0.2999835881069565,3.9045
0.3002626691215929,3.9042
0.3005416929300557,3.9039
0.30082075022505933,3.9037
0.3010998089153353,3.9035
0.3013788690008836,3.9034
0.3016579137384345,3.9031
0.3019369933577983,3.9029
0.30221602414262366,3.9026
0.3024950981808975,3.9024
0.3027741429184482,3.9021
0.30305318765599887,3.9018
0.3033322575084551,3.9014
0.30361129247909807,3.9012
0.30389037349373443,3.901
0.30416940706910506,3.9007
0.3044484741310161,3.9004
0.30472752444965695,3.9003
0.3050065831399329,3.8999
0.3052856264822112,3.8997
0.30556467261503445,3.8995
0.30584375223439825,3.8994
0.30612280115776647,3.8992
0.30640185845276985,3.8989
0.3066808920281404,3.8987
0.306959949323144,3.8985
0.3072390317330527,3.8982
0.3075180680989683,3.8979
0.3077971114412466,3.8977
0.30807616873625,3.8974
0.3083552399839786,3.8971
0.30863427495462176,3.8969
0.3089133448070778,3.8966
0.3091924090784439,3.8965
0.309471435677452,3.8962
0.30975050413463545,3.8959
0.310029567010729,3.8958
0.31030864244427536,3.8957
0.31058767601964576,3.8954
0.31086672354774164,3.8952
0.31114577247110986,3.895
0.3114248186039331,3.8947
0.3117038772942091,3.8945
0.3119829429608478,3.8942
0.31226201281330385,3.8941
0.31254103522649435,3.8937
0.3128200939167703,3.8935
0.31309916237395374,3.8933
0.31337820571623204,3.893
0.3136572546396003,3.8928
0.31393631332987626,3.8925
0.3142153748106974,3.8923
0.3144944390820633,3.8921
0.31477349777233926,3.8919
0.315052534138255,3.8918
0.3153316039907111,3.8917
0.31561063617080903,3.8914
0.3158897060232653,3.8911
0.31616878564262907,3.8909
0.31644781921799964,3.8907
0.31672685418864266,3.8905
0.31700593520327897,3.8903
0.31728499389355497,3.8901
0.3175640400263782,3.8899
0.31784308894974644,3.8896
0.31812213229202474,3.8893
0.3184012007492084,3.8891
0.3186802496725767,3.8889
0.31895929580539994,3.8886
0.31923836147203843,3.8885
0.3195173978379542,3.8882
0.31979646629513764,3.888
0.3200755152185061,3.8878
0.3203545920473249,3.8875
0.3206336270179679,3.8874
0.32091268431297126,3.8874
0.32119172765524956,3.8871
0.32147077797389034,3.8869
0.32174986875543443,3.8867
0.3220289162835301,3.8865
0.3223079428825381,3.8863
0.3225870238971743,3.886
0.3228660881685404,3.8857
0.32314512592972855,3.8855
0.3234241622956441,3.8853
0.3237032279622828,3.8851
0.3239822908383763,3.8849
0.32426132999483687,3.8847
0.3245403998472931,3.8845
0.32481943621320863,3.8844
0.3250985060656647,3.8843
0.32537754382685286,3.884
0.32565659972658384,3.8839
0.3259356570215872,3.8837
0.32621471571186317,3.8835
0.3264937730068667,3.8833
0.3267728316971427,3.883
0.3270518875968735,3.8827
0.32733094768242205,3.8825
0.32760997986252,3.8823
0.32788906087715636,3.8821
0.3281681153816148,3.8819
0.3284471517475303,3.8817
0.32872620346144377,3.8815
0.32900526912808226,3.8813
0.3292843264230858,3.8812
0.32956338232281657,3.8811
0.32984244240836513,3.8809
0.33012148575064343,3.8807
0.3304005318834667,3.8805
0.33067958080683496,3.8803
0.33095864647347345,3.8801
0.33123771911647465,3.8799
0.33151675548239024,3.8796
0.33179579882466853,3.8794
0.3320748547243995,3.879
0.33235390504304035,3.879
0.33263297489549637,3.8788
0.33291204335268004,3.8786
0.33319108669495817,3.8784
0.3334701439899617,3.8783
0.3337491789606047,3.8782
0.3340282585799685,3.878
0.33430731308442685,3.8779
0.3345863424739799,3.8777
0.3348653983737109,3.8775
0.3351444807836198,3.8773
0.3354235352880782,3.8771
0.33570256049181346,3.8767
0.33598162894899714,3.8765
0.3362606848487281,3.8764
0.33653973377209634,3.8762
0.33681881339146014,3.876
0.33709784836210327,3.8759
0.33737690984292423,3.8756
0.3376559434182948,3.8756
0.3379349993180258,3.8755
0.3382140705657544,3.8752
0.33849312646548524,3.8751
0.3387721600408558,3.8749
0.33905122989331204,3.8747
0.3393302788166803,3.8745
0.3396093333211387,3.8742
0.33988839480195965,3.874
0.3401674646544159,3.8738
0.3404465163683293,3.8736
0.34072554296733715,3.8734
0.34100460026234053,3.8733
0.3412836575573441,3.873
0.34156270369016734,3.8729
0.3418417874953487,3.8727
0.3421208168849017,3.8726
0.34239987278463246,3.8725
0.342678956589814,3.8723
0.3429579817935493,3.8722
0.34323703490273527,3.872
0.34351609219773865,3.8718
0.3437951634454673,3.8716
0.3440741998113829,3.8713
0.34435326687329393,3.8711
0.3446323130061172,3.8709
0.3449113619294856,3.8707
0.3451904331772143,3.8705
0.34546947791476496,3.8704
0.3457485547435838,3.8702
0.3460275827378642,3.8701
0.346306659566683,3.8699
0.3465857168616864,3.8699
0.3468647406701492,3.8697
0.3471438216847856,3.8695
0.347422849679066,3.8693
0.3477019251126122,3.8691
0.3479809600832554,3.8688
0.34826004528370935,3.8686
0.34853908723071503,3.8684
0.348818122201358,3.8682
0.3490972018207218,3.8681
0.3493762633015429,3.8678
0.3496552926910959,3.8677
0.3499343611482794,3.8675
0.3502133989094675,3.8673
0.3504924562044711,3.8672
0.35077150233729437,3.8672
0.3510505707944778,3.867
0.3513296183225737,3.8668
0.35160868957030234,3.8667
0.35188773291258063,3.8664
0.3521668027650367,3.8663
0.3524458293640447,3.866
0.35272490479759094,3.8658
0.35300395790677674,3.8655
0.3532829970632375,3.8654
0.3535620711015111,3.8652
0.3538411283965145,3.865
0.35412017452933775,3.8648
0.35439921787161605,3.8647
0.3546782974909798,3.8646
0.3549573338568954,3.8645
0.3552363925471713,3.8643
0.355515461004355,3.8641
0.35579449457972556,3.8639
0.35607355187472894,3.8637
0.3563526105650049,3.8635
0.35663165948837333,3.8632
0.35691071399283175,3.8631
0.35718977128783513,3.8628
0.35746882021120335,3.8627
0.3577478789014793,3.8625
0.3580269222437576,3.8623
0.35830599070094127,3.8621
0.3585850284621294,3.862
0.35886410947676556,3.8618
0.359143163981224,3.8617
0.35942221011404724,3.8616
0.3597012478752354,3.8614
0.3599803177276916,3.8612
0.3602593624652423,3.861
0.3605384183649733,3.8608
0.36081747845052164,3.8604
0.36109653295498007,3.8602
0.361375591645256,3.8601
0.3616546266158992,3.8599
0.36193368530617515,3.8597
0.3622127565539038,3.8595
0.36249180268672704,3.8594
0.36277085719118546,3.8592
0.3630499047192813,3.8591
0.36332897457173735,3.859
0.36360803186674073,3.8588
0.3638870905570167,3.8586
0.36416614645674766,3.8584
0.36444519398484354,3.8583
0.3647242261649415,3.8581
0.36500328625049006,3.8578
0.365282344940766,3.8575
0.36556140363104195,3.8573
0.36584045813550037,3.8571
0.36611950287305106,3.8569
0.36639857691132466,3.8567
0.3666776314157831,3.8566
0.3669566803391515,3.8564
0.3672357334483373,3.8562
0.36751478376697816,3.856
0.36779382571398384,3.856
0.3680728955664399,3.8558
0.36835194030399077,3.8556
0.36863098922735904,3.8554
0.3689100493129076,3.8552
0.36918910800318355,3.855
0.3694681639029143,3.8547
0.36974722259319026,3.8545
0.37002627849292125,3.8542
0.3703053469501049,3.8541
0.3705843805254755,3.8539
0.3708634392157515,3.8537
0.37114250627766254,3.8535
0.3714215649679385,3.8533
0.3717005887764014,3.8532
0.37197965723358506,3.8531
0.3722587173191334,3.8529
0.3725377857763171,3.8527
0.3728168095847799,3.8525
0.3730958794372362,3.8523
0.3733749227795143,3.852
0.37365398007451783,3.8517
0.3739330276026135,3.8515
0.3742121183841576,3.8514
0.3744911421926204,3.8511
0.3747702106498041,3.851
0.3750492539920822,3.8507
0.37532831128708577,3.8505
0.3756073616057266,3.8504
0.37588641890073,3.8503
0.3761654678240982,3.8501
0.3764445362812819,3.8499
0.37672357125192507,3.8496
0.37700262854692845,3.8494
0.3772817095615648,3.8492
0.3775607431369354,3.8489
0.37783980043193877,3.8487
0.3781188716796674,3.8482
0.3783979038597654,3.8482
0.37867696115476895,3.8481
0.37895603379777,3.8478
0.379235086906956,3.8476
0.37951413443505166,3.8474
0.3797931917300552,3.8472
0.3800722364676059,3.847
0.3803512853909741,3.8469
0.3806303552434304,3.8467
0.3809094111431612,3.8465
0.3811884600665296,3.8463
0.38146752712844073,3.8461
0.3817465509369036,3.8459
0.3820256096271795,3.8456
0.3823046878512707,3.8453
0.3825837353793666,3.845
0.3828627843027348,3.8448
0.3831418402024658,3.8446
0.38342089610219676,3.8443
0.38369995479247276,3.8441
0.3839789911583883,3.844
0.38425805961557197,3.8437
0.38453712528221046,3.8436
0.3848161742055787,3.8434
0.3850952119667668,3.8432
0.38537427344758796,3.843
0.3856533237662288,3.8428
0.3859323698990521,3.8426
0.38621143835623556,3.8423
0.3864904858843314,3.842
0.3867695445746074,3.8417
0.3870486046601559,3.8415
0.3873276605598867,3.8412
0.3876067164596177,3.841
0.387885773754621,3.8408
0.3881648101205368,3.8405
0.3884438771824479,3.8403
0.38872292471054354,3.8401
0.38900197921500196,3.84
0.38928103930055047,3.8397
0.38956009659555385,3.8396
0.3898391427283771,3.8393
0.39011821397610574,3.839
0.39039726010892906,3.8388
0.3906762964748448,3.8386
0.3909553509793032,3.8383
0.3912344110648515,3.8379
0.3915134809173078,3.8377
0.3917925186784959,3.8374
0.39207157178768176,3.8372
0.39235062768741275,3.8369
0.39262968498241607,3.8367
0.39290874506796464,3.8364
0.3931878037582406,3.8362
0.39346684710051866,3.836
0.3937459071860672,3.8359
0.39402496587634317,3.8356
0.39430403572879946,3.8354
0.3945830679088974,3.8351
0.3948621349708085,3.8349
0.3951412048232646,3.8346
0.3954202397939077,3.8344
0.3956993012747287,3.8341
0.39597833485009926,3.8337
0.39625741167891804,3.8335
0.3965364494401062,3.8332
0.39681550673510957,3.8329
0.3970945696112031,3.8327
0.3973736087676638,3.8324
0.3976526897823002,3.8321
0.39793171359076307,3.8319
0.39821079041958163,3.8317
0.3984898630625829,3.8315
0.39876889663795345,3.8312
0.39904794416604933,3.831
0.39932701401850534,3.8307
0.3996060741040539,3.8305
0.3998851300037849,3.8301
0.40016416497442786,3.8297
0.40044323203633897,3.8295
0.40072226561170954,3.8292
0.40100133825471074,3.8289
0.40128038020171647,3.8287
0.4015594291250847,3.8284
0.40183847804845296,3.8281
0.4021175325529113,3.8279
0.4023965926384599,3.8277
0.402675659700371,3.8275
0.4029546988568317,3.8272
0.4032337533612901,3.8269
0.40351282460901877,3.8266
0.4037918777182046,3.8263
0.4040709266415728,3.8259
0.4043499713791237,3.8255
0.40462902727885447,3.8253
0.4049080762022229,3.825
0.40518716000740423,3.8247
0.4054662033496823,3.8245
0.40574524111087046,3.8241
0.4060243165444167,3.824
0.4063033543056048,3.8237
0.4065824325296962,3.8234
0.4068614898246996,3.8232
0.40714053735279543,3.8228
0.4074195820903461,3.8225
0.40769865612861994,3.8222
0.4079776785418102,3.8218
0.408256758161174,3.8215
0.4085358042939973,3.8212
0.4088148713559083,3.8209
0.4090938951643712,3.8206
0.40937296920264504,3.8203
0.4096520209165582,3.82
0.4099310823973794,3.8198
0.41021011457747736,3.8195
0.4104891760582983,3.8192
0.41076824591075456,3.8189
0.41104727948612513,3.8186
0.41132633259531093,3.8183
0.411605402447767,3.818
0.4118844374184102,3.8176
0.4121635086661388,3.8173
0.4124425645658698,3.8169
0.41272161209396546,3.8166
0.4130006582267887,3.8162
0.41327971691706467,3.8159
0.4135587686309781,3.8157
0.413837853831432,3.8153
0.4141169027548003,3.815
0.41439595725925865,3.8148
0.41467500199680934,3.8145
0.41495405929181295,3.8142
0.41523309844827344,3.8139
0.4155121669054571,3.8136
0.4157912269910057,3.8132
0.41607027870491886,3.8129
0.41634932623301474,3.8124
0.41662839608547103,3.8121
0.416907428265569,3.8118
0.41718647718893725,3.8115
0.4174655358792132,3.8111
0.4177445931742166,3.8108
0.4180236407023124,3.8104
0.41830271753113124,3.8102
0.41858177482613457,3.8099
0.41886081119205015,3.8095
0.419139861510691,3.8091
0.4194189257820571,3.8089
0.41969798447233303,3.8086
0.4199770306051563,3.8082
0.42025609487652243,3.8079
0.4205351465904356,3.8076
0.4208142122570743,3.8072
0.4210932514135349,3.8069
0.42137229754635813,3.8065
0.4216513771657221,3.806
0.4219304135316377,3.8056
0.42220946943136844,3.8054
0.4224885183547369,3.805
0.4227675840213754,3.8047
0.42304663015419863,3.8043
0.423325687449202,3.804
0.4236047545111131,3.8036
0.4238837908770289,3.8035
0.4241628635200299,3.8031
0.4244419068623082,3.8027
0.424720954390404,3.8024
0.4250000242428601,3.802
0.4252790731662283,3.8016
0.42555811790377923,3.8011
0.4258371654318749,3.8007
0.42611624644651125,3.8004
0.4263952800218818,3.8
0.4266743596412456,3.7996
0.42695339182134356,3.7993
0.42723244772107455,3.7989
0.42751150641135055,3.7987
0.4277905776590792,3.7984
0.42806960286281465,3.798
0.4283486713199983,3.7976
0.4286277146622764,3.7973
0.42890677195727994,3.7969
0.4291858208806482,3.7965
0.42946488794255927,3.796
0.4297439466328352,3.7956
0.43002298020820584,3.7953
0.43030205006066186,3.7949
0.43058109619348517,3.7945
0.43086016465066884,3.7942
0.4311392275267623,3.7938
0.4314182583115879,3.7935
0.4316973156065913,3.7932
0.4319763645299596,3.7928
0.43225541903441794,3.7924
0.43253449725850934,3.792
0.4328135364149699,3.7916
0.43309260487215356,3.7912
0.4333716496097042,3.7908
0.43365070969525277,3.7904
0.4339297753618915,3.7901
0.4342088340521674,3.7896
0.43448788018499046,3.7892
0.434766940270539,3.7888
0.4350459738459096,3.7885
0.43532502276927787,3.7881
0.43560409122646154,3.7877
0.4358831261971047,3.7873
0.4361621932590158,3.7869
0.43644123939183904,3.7867
0.43672031901120284,3.7863
0.4369993539818458,3.7859
0.4372784098815768,3.7855
0.4375574797340328,3.7851
0.43783652865740125,3.7847
0.4381155719996794,3.7843
0.43839463627104547,3.7838
0.43867368938023127,3.7834
0.4389527355130545,3.783
0.43923179420333053,3.7826
0.4395108403361538,3.7822
0.4397899004217023,3.7818
0.440068945159253,3.7814
0.44034800524480155,3.7811
0.44062706951616765,3.7808
0.440906150530804,3.7804
0.4411851729439943,3.7801
0.441464217681545,3.7797
0.4417432959056364,3.7793
0.44202234622427716,3.7789
0.4423013853807377,3.7785
0.44258043988519613,3.7779
0.4428594985754721,3.7775
0.44313855447520306,3.7771
0.4434176006080263,3.7768
0.4436966802273901,3.7764
0.44397571519803325,3.776
0.4442547738883092,3.7756
0.4445338200211325,3.7753
0.4448128898735885,3.775
0.4450919346111392,3.7746
0.4453709946966878,3.7743
0.44565005338696373,3.7739
0.4459291120772397,3.7734
0.4462081526289728,3.773
0.4464872099239764,3.7726
0.4467662825669776,3.7721
0.4470453286998007,3.7718
0.44732437483262394,3.7713
0.4476034251512648,3.771
0.44788246988881564,3.7706
0.44816152578854646,3.7702
0.4484406040126378,3.7698
0.44871966409818637,3.7696
0.44899870883573706,3.7692
0.4492777549685603,3.7688
0.4495568122635637,3.7684
0.4498358528152968,3.768
0.45011490592448283,3.7677
0.45039397577693885,3.7672
0.45067303446721485,3.7668
0.45095207780949315,3.7664
0.4512311364997691,3.766
0.4515101937947725,3.7656
0.4517892664377737,3.7652
0.4520683097800518,3.7648
0.45234736847032775,3.7644
0.45262640762678846,3.7642
0.45290546492179184,3.7639
0.45318452919315794,3.7635
0.4534635878834339,3.7631
0.45374262285407707,3.7628
0.4540216773585355,3.7624
0.45430072349135875,3.762
0.4545797947390874,3.7615
0.45485886738208864,3.761
0.45513790793382175,3.7607
0.45541694848555486,3.7603
0.45569603508128137,3.7599
0.4559750756330145,3.7596
0.45625411897529256,3.7592
0.456533173479751,3.7589
0.4568122237983918,3.7586
0.4570912685359427,3.7583
0.45737034815530647,3.7579
0.4576493928928571,3.7575
0.45792844321149795,3.7572
0.4582075074828641,3.7568
0.45848655501095975,3.7563
0.4587656025390556,3.7558
0.45904469471587206,3.7555
0.45932370736215483,3.7551
0.459602785586246,3.7547
0.45988182055688914,3.7543
0.4601608806424377,3.754
0.46043993933271365,3.7536
0.46071899662771704,3.7532
0.4609980539227204,3.753
0.4612770972649987,3.7526
0.46155614339782197,3.7523
0.4618352258077309,3.7519
0.4621142593831013,3.7515
0.46239330830646974,3.7511
0.46267237397310823,3.7508
0.4629514340586568,3.7503
0.46323046763402737,3.7499
0.4635095486486635,3.7494
0.4637886045483945,3.7491
0.46406765068121775,3.7487
0.4643467009998586,3.7483
0.4646257541090444,3.7479
0.46490480303241283,3.7475
0.46518384916523614,3.7471
0.4654629301798723,3.7469
0.46574196375524285,3.7465
0.4660210322124265,3.7462
0.4663000797405224,3.7458
0.46657912726861805,3.7454
0.46685818735416656,3.745
0.467137241858625,3.7446
0.4674162852009033,3.7441
0.4676953466817242,3.7437
0.46797441095309034,3.7432
0.46825345987645856,3.7429
0.46853251577618954,3.7425
0.4688115758617379,3.7421
0.46909064850473914,3.7417
0.46936968487065467,3.7413
0.4696487477467482,3.741
0.4699277785315738,3.7407
0.47020682885021464,3.7403
0.47048590288848824,3.7399
0.47076494762603915,3.7395
0.4710439937588624,3.7391
0.4713230482633208,3.7387
0.47160212927795697,3.7383
0.47188117541078023,3.7379
0.472160211776696,3.7373
0.4724392788386071,3.737
0.47271833752888304,3.7365
0.4729973934286138,3.7361
0.4732764325850745,3.7358
0.4735554884848055,3.7353
0.47383455833726157,3.7349
0.47411361423699255,3.7345
0.4743926533934531,3.7341
0.47467171906009176,3.7338
0.47495076519291507,3.7334
0.4752298113257383,3.733
0.4755088797829218,3.7326
0.47578792591574504,3.7322
0.47606699158238375,3.7317
0.4763460293435719,3.7312
0.47662511035820804,3.7307
0.4769041592815765,3.7303
0.4771832026238546,3.7298
0.47746226131413055,3.7294
0.4777413074469538,3.729
0.4780203759041375,3.7286
0.47829942203696074,3.7282
0.47857847514614654,3.7279
0.4788575254647874,3.7275
0.4791365953172437,3.727
0.4794156316831592,3.7266
0.4796946889781626,3.7261
0.47997376859752655,3.7257
0.48025279240598945,3.7253
0.4805318720253532,3.7249
0.48081091955344885,3.7244
0.48108997545317983,3.7238
0.4813690327481832,3.7233
0.48164806911409896,3.7229
0.4819271194327398,3.7224
0.48220618649465086,3.722
0.48248525495183436,3.7216
0.4827643010846576,3.7211
0.4830433569843886,3.7208
0.4833224045124844,3.7204
0.48360145622639766,3.72
0.4838805191024912,3.7195
0.48415956523531445,3.719
0.4844386113681377,3.7186
0.4847176798253214,3.718
0.4849967594446852,3.7174
0.4852757944153283,3.717
0.48555483357178886,3.7165
0.48583391179588026,3.7161
0.4861129369996157,3.7156
0.48639201661897946,3.7152
0.4866710501943501,3.7148
0.4869501074893534,3.7143
0.4872291564127217,3.7139
0.48750822347463274,3.7135
0.48778729053654385,3.713
0.4880663408551847,3.7126
0.48834537303528286,3.7121
0.4886244442830115,3.7116
0.4889034876252896,3.711
0.48918254631556557,3.7105
0.4894616064011141,3.7101
0.4897406762535704,3.7096
0.49001973354857375,3.7091
0.49029876433339914,3.7087
0.49057781604731254,3.7082
0.49085686915649834,3.7079
0.49113592784677434,3.7074
0.4914149851417779,3.7071
0.49169406615641426,3.7065
0.4919730913601495,3.7061
0.49225213888824537,3.7056
0.4925312143217916,3.7051
0.4928102716167949,3.7046
0.4930893317023435,3.7041
0.49336836667298667,3.7036
0.4936474072247198,3.7031
0.493926479867721,3.7026
0.49420552041945415,3.7022
0.49448458608609264,3.7017
0.4947636419858236,3.7013
0.495042696490282,3.7008
0.49532175657583055,3.7005
0.49560081805665146,3.7001
0.49587985860838457,3.6996
0.4961589214844781,3.6991
0.4964379564551213,3.6987
0.49671703467921247,3.6982
0.4969960724404006,3.6977
0.4972751185732239,3.6972
0.49755420935476796,3.6967
0.4978332345585034,3.6963
0.4981122904582342,3.6957
0.4983913519390553,3.6953
0.49867041621042124,3.6948
0.4989494721101522,3.6944
0.49922850708079536,3.6941
0.499507578328524,3.6937
0.49978663980934496,3.6932
0.5000656831516233,3.6928
0.5003447488182617,3.6923
0.5006237865794498,3.6919
0.5009028313170005,3.6913
0.5011819025647292,3.6908
0.5014609347448274,3.6904
0.5017399948303758,3.6899
0.5020190758450122,3.6895
0.5022981303494705,3.689
0.5025771764822937,3.6886
0.5028562365678423,3.6881
0.5031352715384853,3.6878
0.5034143274382162,3.6873
0.5036933721757669,3.6869
0.5039724434234956,3.6865
0.5042515007184991,3.686
0.5045305468513225,3.6856
0.504809612517961,3.6851
0.5050886628366018,3.6846
0.5053677089694251,3.684
0.5056467760313361,3.6836
0.505925826349977,3.6831
0.5062048836449803,3.6827
0.5064839381494387,3.6823
0.5067629968397147,3.6818
0.5070420652968983,3.6814
0.5073211114297216,3.681
0.5076001380287296,3.6806
0.507879195323733,3.6802
0.5081582637809167,3.6797
0.5084373196806474,3.6793
0.5087163658134707,3.6788
0.5089954272942919,3.6782
0.5092744817987502,3.6777
0.5095535390937537,3.6772
0.5098325782502143,3.6768
0.5101116467073978,3.6763
0.5103906956307663,3.6759
0.5106697585068598,3.6754
0.5109487962680479,3.675
0.511227866120504,3.6746
0.5115069150438722,3.6742
0.5117859583861505,3.6738
0.5120650254480617,3.6733
0.5123440590234322,3.6728
0.5126231288758882,3.6724
0.5129021736134391,3.6719
0.5131812448611678,3.6714
0.5134603049467161,3.6709
0.5137393371268143,3.6703
0.5140183930265451,3.6699
0.5142974586931838,3.6694
0.5145765104070971,3.6689
0.5148555816548259,3.6684
0.5151346138349239,3.668
0.5154136934542877,3.6675
0.5156927409823833,3.6671
0.5159717996726595,3.6667
0.5162508234811223,3.6663
0.516529879380853,3.6658
0.5168089464427642,3.6653
0.5170880093188577,3.6649
0.5173670540564086,3.6644
0.5176460973986867,3.6638
0.5179251742275055,3.6632
0.5182042147792386,3.6628
0.5184832748647872,3.6623
0.5187623293692455,3.6619
0.5190413880595215,3.6613
0.5193204314017997,3.6609
0.519599480325168,3.6604
0.5198785641303494,3.66
0.5201576130537175,3.6596
0.5204366508149058,3.6591
0.5207156983430016,3.6586
0.5209947681954576,3.6581
0.5212738254904612,3.6576
0.5215528660421943,3.6572
0.5218319275230153,3.6566
0.5221110001660165,3.656
0.5223900476941123,3.6556
0.522669081269483,3.6552
0.5229481357739414,3.6546
0.5232271944642173,3.6541
0.5235062447828581,3.6537
0.5237853202164043,3.6532
0.524064353791775,3.6528
0.5243434264347759,3.6524
0.5246224851250519,3.6519
0.5249015173051501,3.6514
0.5251805885528787,3.6509
0.5254596318951569,3.6505
0.5257387045381581,3.6499
0.526017736718256,3.6493
0.5262968065707123,3.6489
0.5265758624704431,3.6483
0.5268549086032663,3.648
0.5271339589219072,3.6474
0.5274130050547304,3.647
0.5276920623497341,3.6465
0.5279711517360055,3.6461
0.5282502090310089,3.6457
0.528529223072564,3.6453
0.5288082859486576,3.6448
0.5290873474294787,3.6444
0.5293664158866623,3.6439
0.5296454536478503,3.6434
0.5299244983854012,3.6429
0.5302035640520397,3.6424
0.5304826241375883,3.642
0.5307616605035038,3.6415
0.5310407401228676,3.6411
0.5313197974178712,3.6406
0.5315988212263341,3.6402
0.5318778896835175,3.6399
0.5321569581407012,3.6395
0.5324360070640693,3.6391
0.53271504063944,3.6386
0.5329941104918963,3.6382
0.53327319011126,3.6378
0.5335522027575428,3.6374
0.5338312614478188,3.6369
0.5341103396719099,3.6364
0.5343893885952782,3.636
0.5346684347281014,3.6356
0.5349475017900125,3.6352
0.5352265367606557,3.6348
0.535505594055659,3.6345
0.535784652745935,3.6341
0.5360637212031186,3.6337
0.5363427491973991,3.6334
0.5366218037018575,3.6331
0.5369008707637686,3.6327
0.5371799406162249,3.6323
0.537458978377413,3.6319
0.5377380342771437,3.6315
0.5380170915721474,3.631
0.5382961488671507,3.6306
0.5385751852330662,3.6302
0.5388542550855225,3.6299
0.5391333235427062,3.6295
0.5394123459558965,3.6292
0.5396914158083526,3.6288
0.5399704717080835,3.6285
0.5402495290030869,3.6282
0.5405285653690026,3.6279
0.5408076463836388,3.6275
0.5410866855400995,3.6272
0.5413657358587404,3.6269
0.5416447973395613,3.6265
0.5419238518440197,3.6262
0.5422029021626605,3.6258
0.5424819594576641,3.6254
0.5427610265195751,3.625
0.5430400852098511,3.6246
0.5433191452953997,3.6243
0.5435981691038625,3.6239
0.5438772487232263,3.6236
0.5441562795080517,3.6232
0.5444353479652354,3.6229
0.5447144178176916,3.6227
0.5449934430214269,3.6224
0.5452725003164305,3.6221
0.5455515715641591,3.6218
0.5458306121158922,3.6214
0.5461096833636209,3.6211
0.5463887225200816,3.6207
0.5466677658623597,3.6203
0.546946835714816,3.6201
0.5472259041719997,3.6196
0.54750493774737,3.6193
0.5477839838801932,3.619
0.548063052337377,3.6187
0.5483420998654728,3.6183
0.5486211473935685,3.6181
0.5489002270129323,3.6178
0.5491792661693929,3.6176
0.5494583150927612,3.6172
0.5497373682019472,3.6169
0.5500164492165835,3.6166
0.5502955023257694,3.6163
0.5505745372964124,3.616
0.5508535876150532,3.6156
0.5511326435147842,3.6152
0.5514117259246931,3.6149
0.5516907678716986,3.6146
0.5519698237714296,3.6143
0.5522488643231627,3.614
0.5525279188276211,3.6137
0.5528069998422575,3.6134
0.5530860222554479,3.6131
0.5533650935031766,3.6128
0.5536441521934525,3.6126
0.5539231913499131,3.6123
0.5542022639929143,3.6119
0.5544813212879179,3.6116
0.5547603576538335,3.6113
0.5550394051819291,3.611
0.5553184820107478,3.6105
0.5555975072144833,3.6103
0.555876578462212,3.61
0.5561556455241231,3.6097
0.556434695842764,3.6093
0.5567137545330398,3.6091
0.5569927936895006,3.6087
0.557271853775049,3.6086
0.5575509138605975,3.6082
0.5578299697603285,3.608
0.5581090158931518,3.6077
0.5583880731881551,3.6074
0.5586671221115234,3.6071
0.5589461780112543,3.6068
0.5592252339109853,3.6066
0.5595042716721734,3.6061
0.5597833275719042,3.6057
0.5600623848669078,3.6055
0.5603414463477288,3.6051
0.5606204994569145,3.6048
0.5608995469850104,3.6045
0.5611786168374665,3.6042
0.5614576838993778,3.604
0.5617367077078406,3.6038
0.5620157691886616,3.6035
0.5622948236931199,3.6032
0.5625738712212158,3.6029
0.5628529327020367,3.6026
0.5631319886017677,3.6023
0.5634110542684062,3.602
0.5636900920295943,3.6015
0.563969160486778,3.6013
0.5642482052243287,3.6009
0.564527254147697,3.6007
0.5648063226048806,3.6003
0.5650853798998839,3.6
0.5653644246374349,3.5998
0.5656434707702581,3.5995
0.5659225280652616,3.5993
0.5662015979177175,3.599
0.5664806426552684,3.5987
0.5667596901833641,3.5984
0.5670387572452752,3.5981
0.5673178033780985,3.5977
0.567596852301467,3.5974
0.5678759207586503,3.597
0.5681549892158341,3.5967
0.5684340241864773,3.5964
0.5687130717145729,3.5961
0.5689921276143038,3.5958
0.5692712072336676,3.5955
0.5695502547617635,3.5953
0.5698293008945867,3.595
0.5701083707470428,3.5947
0.5703873987413233,3.5945
0.5706664518505092,3.5941
0.5709455091455126,3.5938
0.5712245776026963,3.5935
0.5715036362929722,3.593
0.5717826698683428,3.5927
0.5720617299538912,3.5924
0.5723407858536221,3.5921
0.5726198571013508,3.5918
0.5728989018389015,3.5915
0.5731779479717247,3.5912
0.5734570066620007,3.5909
0.573736052794824,3.5906
0.5740151212520076,3.5904
0.5742941799422836,3.5901
0.5745732232845618,3.5897
0.5748522736032027,3.5894
0.5751313295029336,3.5891
0.5754103881932094,3.5887
0.5756894315354878,3.5883
0.5759684916210362,3.588
0.5762475726356726,3.5876
0.5765266410928561,3.5873
0.576805653739139,3.5869
0.5770847138246874,3.5866
0.5773637906535062,3.5862
0.577642846553237,3.5859
0.5779218926860603,3.5858
0.5782009388188836,3.5854
0.5784799877422518,3.5851
0.5787590436419828,3.5847
0.5790381009369862,3.5844
0.5793171470698094,3.584
0.579596204364813,3.5837
0.5798752644503613,3.5832
0.5801543217453649,3.5828
0.5804333692734606,3.5824
0.5807124251731915,3.5822
0.58099149083983,3.5817
0.5812705537159237,3.5814
0.581549602639292,3.581
0.5818286599342953,3.5807
0.5821076893238484,3.5804
0.5823867438283068,3.5801
0.5826658094949453,3.5797
0.5829448723710388,3.5793
0.5832239226896796,3.5789
0.583502977194138,3.5785
0.5837820247222338,3.578
0.5840610708550571,3.5775
0.5843401365216957,3.5772
0.5846191854450641,3.5767
0.5848982455306124,3.5764
0.5851773014303434,3.5759
0.5854563587253467,3.5756
0.5857354216014403,3.5751
0.586014463548446,3.5749
0.5862935096812693,3.5745
0.5865725934864509,3.574
0.5868516256665488,3.5736
0.5871306829615521,3.5732
0.5874097416518281,3.5727
0.5876887766224713,3.5722
0.5879678436843824,3.5717
0.5882469023746584,3.5712
0.5885259750176596,3.5708
0.5888049946403049,3.5703
0.5890840533305809,3.5699
0.5893631148114018,3.5694
0.5896421860591304,3.5689
0.5899212266108635,3.5685
0.5902002825105945,3.5681
0.5904793300386904,3.5677
0.5907583845431488,3.5672
0.5910374669530575,3.5667
0.5913164935520656,3.5662
0.5915955550328865,3.5657
0.5918746165137074,3.5651
0.5921536626465307,3.5646
0.592432732498987,3.5641
0.5927117786318102,3.5636
0.5929908136024532,3.5631
0.5932698722927291,3.5627
0.5935489407499128,3.5622
0.5938279868827361,3.5617
0.5941070358061044,3.5613
0.5943860903105628,3.5609
0.5946651671393816,3.5604
0.5949442160627497,3.5599
0.5952232524286655,3.5594
0.5955023222811215,3.559
0.5957813684139448,3.5584
0.5960604312900384,3.5579
0.5963394941661319,3.5574
0.596618529136775,3.557
0.596897587827051,3.5565
0.5971766381456919,3.5561
0.5974557052076029,3.5557
0.5977347499451536,3.5553
0.5980138225881548,3.555
0.5982928798831582,3.5546
0.5985719022963487,3.5542
0.5988509735440773,3.5538
0.5991300364201708,3.5534
0.5994090825529941,3.553
0.5996881258952722,3.5525
0.5999671873760933,3.552
0.600246258623822,3.5517
0.6005252921991926,3.5513
0.6008043592611036,3.551
0.6010834012081093,3.5506
0.6013624682700205,3.5502
0.6016415102170262,3.5499
0.6019205675120295,3.5496
0.6021996359692132,3.5493
0.6024786848925814,3.549
0.6027577198632246,3.5487
0.6030367869251357,3.5483
0.6033158456154116,3.548
0.60359490570096,3.5476
0.6038739378810581,3.5472
0.6041529951760616,3.5468
0.6044320622379726,3.5465
0.6047111097660685,3.5461
0.6049901796185245,3.5458
0.6052692313324379,3.5455
0.605548292813259,3.5452
0.605827330574447,3.5449
0.6061063725214527,3.5446
0.606385450745544,3.5443
0.6066645052500024,3.544
0.6069435374301005,3.5437
0.6072225975156489,3.5434
0.6075016506248349,3.543
0.6077807037340207,3.5427
0.6080597680053867,3.5422
0.6083388127429374,3.5419
0.6086178742237583,3.5416
0.6088969231471268,3.5412
0.6091759776515853,3.5409
0.6094550419229512,3.5406
0.6097341034037723,3.5403
0.6100131383744153,3.5401
0.6102921956694188,3.5398
0.6105712864509627,3.5395
0.610850332583786,3.5391
0.6111293801118818,3.5388
0.6114084388021578,3.5385
0.6116875058640688,3.5381
0.6119665213008966,3.5377
0.6122455841769902,3.5373
0.6125246456578111,3.537
0.6128036959764519,3.5367
0.6130827518761829,3.5363
0.6133618091711862,3.536
0.6136408650709172,3.5356
0.6139199014368327,3.5354
0.6141989852420143,3.5352
0.6144780327701099,3.5348
0.6147570719265707,3.5345
0.6150361194546663,3.5341
0.61531517674967,3.5338
0.6155942368352183,3.5334
0.6158732815727691,3.533
0.6161523416583174,3.5326
0.6164313975580484,3.5323
0.6167104450861444,3.5319
0.6169895219149629,3.5316
0.6172685722336038,3.5313
0.6175476309238798,3.531
0.6178266658945228,3.5307
0.6181057413280691,3.5305
0.6183847874608923,3.5301
0.6186638461511683,3.5298
0.6189428922839916,3.5294
0.6192219398120874,3.5291
0.6195009957118183,3.5287
0.6197800781217272,3.5283
0.6200591116970977,3.5278
0.6203381689921011,3.5276
0.6206172151249244,3.5271
0.6208962682341101,3.5268
0.6211753339007489,3.5265
0.62145440096266,3.5262
0.621733435933303,3.5259
0.6220124806708538,3.5256
0.6222915602902176,3.5253
0.6225706064230409,3.525
0.6228496762754969,3.5246
0.6231286986886874,3.5243
0.623407769936416,3.524
0.6236868272314194,3.5235
0.6239658747595153,3.5232
0.6242449292639737,3.5227
0.6245239712109794,3.5225
0.6248030257154378,3.5221
0.6250820913820763,3.5217
0.6253611626298049,3.5214
0.6256402171342633,3.521
0.6259192562907241,3.5208
0.6261983107951824,3.5205
0.6264773792523659,3.5202
0.6267564281757344,3.5198
0.6270354952376455,3.5195
0.6273145176508357,3.5191
0.6275936126181973,3.5188
0.6278726447982953,3.5184
0.6281516811642109,3.5179
0.6284307524119396,3.5176
0.6287098097069431,3.5172
0.6289888670019465,3.5169
0.6292679229016774,3.5166
0.6295469606628656,3.5162
0.629826029120049,3.5159
0.6301050836245075,3.5156
0.6303841520816912,3.5153
0.6306631786806992,3.515
0.6309422569047903,3.5147
0.6312213030376136,3.5143
0.6315003380082568,3.514
0.6317793980938051,3.5135
0.632058442831356,3.5131
0.6323375112885395,3.5127
0.6326165588166354,3.5124
0.6328956370407267,3.512
0.6331746720113697,3.5117
0.6334537293063731,3.5113
0.6337327907871942,3.511
0.6340118452916526,3.5108
0.6342908830528408,3.5105
0.6345699389525715,3.5101
0.6348490129908454,3.5098
0.6351280423803983,3.5095
0.6354071052564919,3.5092
0.6356861904569459,3.5088
0.6359652282181337,3.5084
0.636244295280045,3.508
0.636523330250688,3.5076
0.6368023777787839,3.5073
0.6370814490265125,3.5068
0.6373604812066105,3.5065
0.6376395622212468,3.5061
0.6379185860297097,3.5058
0.6381976475105307,3.5055
0.6384767131771694,3.5053
0.6387557914012605,3.5049
0.6390348291624487,3.5045
0.6393138822716344,3.5043
0.6395929479382731,3.5039
0.639871968956191,3.5035
0.6401510346228295,3.5031
0.6404301030800132,3.5026
0.6407091715371969,3.5023
0.6409881995314773,3.502
0.641267244269028,3.5016
0.641546300168759,3.5013
0.6418253700212151,3.501
0.6421044077824032,3.5007
0.6423834762395869,3.5004
0.6426625223724102,3.5
0.6429415782721409,3.4997
0.6432206369624169,3.4994
0.643499704024328,3.499
0.6437787445760613,3.4987
0.6440578102426998,3.4983
0.6443368438180703,3.498
0.6446159011130738,3.4976
0.6448949584080773,3.4972
0.6451740059361729,3.4968
0.6454530827649918,3.4964
0.6457321191309073,3.4961
0.6460111694495482,3.4957
0.6462902351161869,3.4953
0.6465693049686428,3.495
0.6468483511014662,3.4947
0.6471274139775597,3.4944
0.6474064545292928,3.4941
0.6476855229864765,3.4937
0.6479645579571196,3.4934
0.648243615252123,3.4931
0.6485226851045791,3.4927
0.6488017423995827,3.4923
0.6490807885324059,3.4919
0.6493598569895895,3.4915
0.6496388989365951,3.4912
0.6499179394883284,3.4908
0.6501969856211517,3.4904
0.650476042916155,3.4901
0.6507551002111585,3.4897
0.6510341616919796,3.4895
0.6513132273586181,3.4891
0.6515922651198062,3.4888
0.6518713433438975,3.4885
0.6521503838956307,3.4882
0.6524294481669966,3.4878
0.6527085054620002,3.4874
0.6529875515948235,3.487
0.6532665977276467,3.4865
0.65354565502265,3.4862
0.653824716503471,3.4858
0.6541037724032019,3.4855
0.6543828059785726,3.4851
0.6546618786215738,3.4848
0.6549409205685796,3.4844
0.655219989025763,3.484
0.6554990239964061,3.4837
0.6557780924535899,3.4834
0.6560571385864131,3.4832
0.6563362126246867,3.4828
0.6566152434095123,3.4825
0.6568943230288761,3.4821
0.6571733621853366,3.4818
0.6574524236661577,3.4814
0.6577314781706162,3.481
0.6580105340703469,3.4806
0.6582895802031702,3.4801
0.6585686472650812,3.4798
0.658847683630997,3.4794
0.6591267297638203,3.4791
0.659405801011549,3.4787
0.6596848415632821,3.4783
0.659963923973191,3.478
0.6602429617343789,3.4778
0.6605220050766573,3.4774
0.6608010763243859,3.4771
0.6610801098997565,3.4767
0.6613591685900324,3.4764
0.6616382468141236,3.476
0.6619172971327645,3.4755
0.6621963418703153,3.4752
0.6624753880031385,3.4747
0.662754445298142,3.4745
0.6630335025931453,3.474
0.6633125598881489,3.4737
0.6635916213689699,3.4733
0.6638706633159756,3.4731
0.664149717820434,3.4728
0.6644287779059824,3.4724
0.6647078352009859,3.4721
0.6649868952865344,3.4717
0.6652659400240851,3.4713
0.665544998714361,3.4709
0.665824057404637,3.4704
0.6661031021421877,3.4701
0.6663821622277362,3.4697
0.6666612167321946,3.4693
0.6669402754224706,3.469
0.6672193103931138,3.4686
0.6674983704786621,3.4682
0.6677774235878481,3.468
0.6680564934403042,3.4677
0.6683355312014923,3.4673
0.6686145884964957,3.4669
0.6688936569536793,3.4666
0.6691727058770476,3.4662
0.6694517589862335,3.4658
0.6697308079096018,3.4653
0.6700098861336932,3.4649
0.6702889336617889,3.4645
0.6705679923520648,3.4642
0.6708470287179804,3.4638
0.6711261013609816,3.4634
0.6714051307505347,3.4631
0.6716841866502656,3.4629
0.671963267664902,3.4625
0.672242299845,3.4622
0.6725213641163659,3.4618
0.6728004172255518,3.4614
0.6730794759158278,3.461
0.6733585318155586,3.4607
0.6736375793436544,3.4602
0.6739166380339304,3.4598
0.674195671609301,3.4594
0.6744747400664847,3.4591
0.6747537903851255,3.4587
0.6750328448895839,3.4583
0.6753119105562224,3.4579
0.6755909734323159,3.4575
0.6758700070076865,3.4572
0.6761490754648701,3.4569
0.676428131364601,3.4566
0.6767071677305168,3.4562
0.6769862473498804,3.4558
0.6772652739488884,3.4555
0.677544353568252,3.4551
0.6778233885388952,3.4546
0.6781024346717185,3.4542
0.67838152405799,3.4538
0.6786605618191781,3.4535
0.6789396163236365,3.453
0.6792186638517322,3.4527
0.6794977364947334,3.4523
0.6797767714653766,3.452
0.6800558162029273,3.4517
0.6803348721026583,3.4514
0.6806139307929342,3.4509
0.6808929880879376,3.4506
0.6811720565451213,3.4502
0.6814511152353973,3.4498
0.6817301460202226,3.4494
0.6820092172679513,3.4489
0.6822882647960471,3.4485
0.6825673332532308,3.4482
0.6828463793860541,3.4477
0.6831254492385102,3.4474
0.6834044744422456,3.447
0.6836835540616094,3.4466
0.6839625862417074,3.4463
0.6842416463272559,3.446
0.6845206966458968,3.4456
0.6847997637078078,3.4452
0.6850788084453585,3.4448
0.6853578894599949,3.4445
0.6856369244306381,3.444
0.6859159705634613,3.4436
0.6861950473922801,3.4431
0.6864740725960153,3.4428
0.6867531452390165,3.4424
0.687032199743475,3.4419
0.6873112347141181,3.4416
0.6875902934043941,3.4412
0.6878693604663052,3.4408
0.6881484177613085,3.4405
0.6884274652894045,3.4402
0.6887065281654979,3.4398
0.688985568717231,3.4394
0.6892646469413224,3.439
0.6895437000505082,3.4386
0.6898227336258789,3.4381
0.6901017881303372,3.4376
0.6903808468206132,3.4373
0.6906598915581639,3.4368
0.6909389600153475,3.4365
0.691217996381263,3.4361
0.691497057862084,3.4357
0.6917761249239951,3.4353
0.6920551808237261,3.435
0.6923342185849142,3.4346
0.6926132772751902,3.4342
0.6928923415465563,3.4338
0.6931714113990124,3.4335
0.6934504352074752,3.433
0.6937295036646589,3.4326
0.6940085511927547,3.4322
0.6942876084877581,3.4317
0.6945666671780341,3.4313
0.6948457356352178,3.4309
0.6951247594436806,3.4305
0.6954038265055916,3.4301
0.6956828977533204,3.4298
0.6959619522577787,3.4294
0.6962409997858746,3.4291
0.6965200361517901,3.4287
0.6967990948420661,3.4283
0.6970781744614298,3.4279
0.6973572233847981,3.4275
0.6976362541696237,3.427
0.6979153379748051,3.4265
0.6981943799218108,3.426
0.6984734302404516,3.4257
0.69875248474491,3.4252
0.6990315545973662,3.4249
0.6993105993349169,3.4244
0.6995896454677402,3.4241
0.6998686929958359,3.4236
0.7001477670341096,3.4233
0.7004268201432955,3.423
0.7007058760430265,3.4226
0.7009849110136694,3.4222
0.7012639585417653,3.4218
0.7015430493233094,3.4213
0.7018220745270446,3.4208
0.7021011541464086,3.4203
0.7023801905123241,3.4199
0.7026592492026001,3.4195
0.7029382953354234,3.4191
0.703217342863519,3.4187
0.7034964196923378,3.4182
0.7037754686157061,3.4178
0.7040545119579843,3.4175
0.7043335692529877,3.4171
0.704612612595266,3.4167
0.7048916880288122,3.4163
0.7051707313710905,3.4159
0.7054497775039138,3.4155
0.7057288473563699,3.415
0.7060079046513732,3.4145
0.7062869619463767,3.414
0.706566010869745,3.4137
0.7068450779316561,3.4132
0.7071241449935672,3.4128
0.7074031841500279,3.4124
0.7076822414450313,3.412
0.7079612973447623,3.4116
0.7082403309201328,3.4113
0.7085193784482285,3.4108
0.7087984357432321,3.4104
0.7090775153625959,3.41
0.709356564285964,3.4095
0.7096356187904225,3.409
0.709914655156338,3.4085
0.7101937361709744,3.4081
0.7104727739321626,3.4077
0.710751828436621,3.4072
0.7110308745694442,3.4068
0.7113099332597201,3.4064
0.7115889877641786,3.4059
0.7118680492449995,3.4057
0.7121470925872778,3.4052
0.7124261526728264,3.4048
0.712705197410377,3.4044
0.7129842574959255,3.4039
0.713263312000384,3.4035
0.7135423692953873,3.403
0.7138214196140281,3.4025
0.7141004769090316,3.402
0.7143795439709426,3.4016
0.7146585998706736,3.4011
0.7149376362365891,3.4007
0.7152167046937729,3.4003
0.7154957633840487,3.3998
0.7157747983546919,3.3994
0.7160538570449679,3.3989
0.7163329143399713,3.3986
0.716611959077522,3.3981
0.7168910163725255,3.3978
0.7171700876202541,3.3973
0.7174491337530774,3.3969
0.7177282022102609,3.3964
0.7180072622958095,3.396
0.7182863070333602,3.3955
0.7185653643283637,3.3951
0.7188444090659144,3.3946
0.7191234789183707,3.3941
0.7194025264464663,3.3936
0.7196815697887446,3.3932
0.7199606284790205,3.3927
0.7202396899598414,3.3923
0.7205187333021198,3.3918
0.7207977780396705,3.3914
0.7210768325441288,3.391
0.7213558954202224,3.3906
0.721634963877406,3.3902
0.7219140002433216,3.3897
0.7221930687005053,3.3892
0.7224721022758759,3.3888
0.7227511679425144,3.3882
0.7230302308186078,3.3877
0.7233092741608862,3.3873
0.7235883258747994,3.3868
0.7238674013083456,3.3864
0.7241464613938942,3.3859
0.7244254935739921,3.3854
0.7247045424973606,3.385
0.7249835997923639,3.3846
0.725262666854275,3.3842
0.7255417032201906,3.3837
0.7258207591199216,3.3833
0.7260998164149249,3.3829
0.7263788862673812,3.3824
0.7266579240285693,3.3819
0.7269370036479331,3.3813
0.7272160358280311,3.3809
0.727495091727762,3.3803
0.7277741448369479,3.3799
0.7280532202704941,3.3794
0.72833227896077,3.379
0.7286113167219582,3.3785
0.7288903726216892,3.378
0.7291694159639672,3.3776
0.7294484774447884,3.3771
0.7297275319492468,3.3767
0.7300065794773425,3.3763
0.7302856284007109,3.3759
0.7305647052295295,3.3753
0.7308437513623528,3.3749
0.7311228114479013,3.3744
0.7314018673476322,3.374
0.7316809037135479,3.3734
0.7319599596132789,3.373
0.7322390280704623,3.3724
0.7325180895512834,3.3719
0.7327971440557418,3.3714
0.7330761762358398,3.371
0.7333552321355707,3.3705
0.733634283849484,3.37
0.7339133564924852,3.3695
0.734192422159124,3.3692
0.7344714473628592,3.3688
0.7347505018673176,3.3683
0.7350295842772265,3.3678
0.7353086304100498,3.3673
0.7355876653806928,3.3669
0.7358667296520589,3.3663
0.7361457799706997,3.3658
0.7364248400562483,3.3653
0.7367038973512516,3.3648
0.7369829518557101,3.3643
0.7372620035696235,3.3638
0.7375410678409894,3.3634
0.7378201042069051,3.363
0.7380991726640885,3.3625
0.7383782201921845,3.3621
0.7386572677202803,3.3616
0.7389363487349166,3.3612
0.7392154018441025,3.3606
0.7394944368147455,3.3601
0.7397734871333863,3.3596
0.7400525541952974,3.359
0.7403315891659406,3.3586
0.7406106478562164,3.3581
0.7408897065464924,3.3576
0.7411687596556782,3.3571
0.7414478197412268,3.3566
0.74172686587405,3.3561
0.742005921773781,3.3557
0.7422849930215096,3.3553
0.7425640391543329,3.3548
0.742843106216244,3.3544
0.7431221537443397,3.3539
0.7434012096440706,3.3534
0.7436802474052588,3.3528
0.7439593144671699,3.3523
0.7442383745527185,3.3517
0.7445174430099021,3.3513
0.7447964723994549,3.3508
0.745075533880276,3.3503
0.745354592570552,3.3498
0.7456336387033753,3.3494
0.7459127057652863,3.349
0.7461917518981096,3.3485
0.7464708008214779,3.348
0.7467498678833889,3.3475
0.747028897272942,3.3471
0.7473079615443081,3.3466
0.7475870188393114,3.346
0.7478660761343148,3.3454
0.7481451376151359,3.345
0.7484242046770471,3.3444
0.7487032270902373,3.344
0.7489822969426936,3.3435
0.7492613416802443,3.343
0.7495403989752476,3.3425
0.7498194674324313,3.342
0.7500985261227072,3.3416
0.7503775862082558,3.3412
0.7506566407127142,3.3407
0.7509356645211771,3.3402
0.751214746931086,3.3397
0.7514937721348213,3.3392
0.7517728280345523,3.3387
0.752051907653916,3.3381
0.7523309426245592,3.3376
0.7526099873621098,3.3371
0.7528890697720186,3.3366
0.7531681033473892,3.3361
0.7534471606423928,3.3356
0.7537262067752161,3.3351
0.7540052766276721,3.3348
0.7542843478754008,3.3343
0.7545633716838636,3.3338
0.7548424373505023,3.3334
0.7551214890644156,3.3328
0.7554005351972388,3.3324
0.7556795897016971,3.3318
0.7559586707163335,3.3313
0.7562377028964316,3.3308
0.7565167629819801,3.3302
0.7567958077195308,3.3298
0.7570748789672594,3.3293
0.7573539153331752,3.3288
0.7576329935572663,3.3283
0.7579120396900896,3.3278
0.7581911109378182,3.3273
0.7584701375368263,3.3269
0.7587491990176473,3.3265
0.7590282800322836,3.3259
0.7593073038407464,3.3255
0.7595863513688423,3.325
0.7598654184307534,3.3245
0.7601444813068469,3.3239
0.7604235372065777,3.3234
0.7607025875252186,3.3229
0.7609816490060397,3.3224
0.7612606979294079,3.3219
0.7615397482480487,3.3214
0.7618187915903271,3.3209
0.7620978516758754,3.3205
0.762376920133059,3.3201
0.7626559509178846,3.3196
0.7629350096081606,3.3192
0.7632140878322518,3.3187
0.7634931241981674,3.3182
0.7637721703309907,3.3177
0.7640512304165392,3.3171
0.7643302877115425,3.3165
0.7646093450065461,3.316
0.7648884009062769,3.3155
0.7651674526201903,3.3151
0.7654465154962838,3.3146
0.7657255630243797,3.3141
0.7660046412484709,3.3136
0.7662836650569337,3.3132
0.7665627139803022,3.3126
0.7668417712753055,3.3123
0.7671208271750365,3.3117
0.7673998858653125,3.3113
0.7676789431603158,3.3109
0.7679579892931391,3.3104
0.7682370675172303,3.3099
0.7685161052784184,3.3094
0.7687951625734221,3.3089
0.7690742310306055,3.3083
0.7693532743728838,3.3078
0.7696323246915246,3.3073
0.7699113917534357,3.3068
0.7701904295146238,3.3063
0.7704694979718075,3.3059
0.7707485427093582,3.3054
0.7710275888421815,3.305
0.7713066586946375,3.3046
0.7715856936652807,3.3041
0.7718647760751894,3.3036
0.7721438194174677,3.3031
0.7724228697361085,3.3027
0.7727019242405669,3.3021
0.7729809829308429,3.3015
0.7732600388305739,3.3011
0.7735390849633972,3.3006
0.7738181324914928,3.3001
0.7740972121108566,3.2996
0.7743762484767723,3.2991
0.7746553267008636,3.2986
0.7749343630667791,3.2983
0.7752134217570551,3.2979
0.7754924567276982,3.2974
0.7757715223943367,3.2969
0.776050592246793,3.2964
0.7763296383796162,3.2959
0.7766086859077119,3.2955
0.7768877362263528,3.2949
0.7771668032882638,3.2944
0.7774458480258147,3.2939
0.7777249053208181,3.2934
0.7780039654063666,3.2929
0.7782830101439173,3.2924
0.7785620702294659,3.292
0.7788411135717439,3.2915
0.7791201694714749,3.2911
0.7793992323475685,3.2907
0.7796782854567542,3.2903
0.7799573413564852,3.2898
0.7802364028373061,3.2893
0.7805154698992174,3.2888
0.7807945146367681,3.2883
0.7810735649554087,3.2878
0.7813526027165969,3.2873
0.7816316809406885,3.2868
0.7819107256782392,3.2863
0.7821897941354227,3.2859
0.7824688263155208,3.2854
0.7827478947727042,3.2849
0.7830269436960727,3.2846
0.7833060121532562,3.2841
0.7835850471238992,3.2837
0.7838641197669004,3.2832
0.7841431742713588,3.2828
0.7844222120325469,3.2823
0.7847012567700976,3.2818
0.7849803168556464,3.2812
0.7852593978702828,3.2808
0.785538423074018,3.2803
0.7858174761832037,3.2798
0.786096554407295,3.2794
0.7863755921684831,3.2789
0.786654639696579,3.2784
0.7869337193159427,3.278
0.7872127542865861,3.2776
0.787491821348497,3.2773
0.7877708674813203,3.2767
0.7880499359385037,3.2763
0.7883289946287799,3.2758
0.7886080309946955,3.2754
0.7888870854991539,3.2748
0.7891661665137902,3.2743
0.7894452028797058,3.2738
0.7897242406408939,3.2734
0.7900033160744403,3.273
0.7902823496498107,3.2725
0.7905614320597196,3.2721
0.7908404558681823,3.2716
0.7911195257206387,3.2712
0.7913985927825496,3.2708
0.7916776389153729,3.2704
0.7919566864434687,3.2699
0.7922357311810194,3.2694
0.7925148052192933,3.2689
0.7927938513521166,3.2685
0.7930729114376649,3.268
0.7933519505941257,3.2675
0.793631031608762,3.267
0.7939100568124973,3.2666
0.7941891350365884,3.2662
0.7944681714025044,3.2657
0.794747242650233,3.2652
0.7950262985499635,3.2648
0.7953053265442445,3.2644
0.7955843908156102,3.264
0.7958634369484334,3.2636
0.7961425165677972,3.2631
0.7964215627006205,3.2627
0.7967006213908966,3.2622
0.7969796703142651,3.2618
0.7972587164470883,3.2612
0.7975377709515467,3.2608
0.797816831037095,3.2603
0.7980958785651909,3.2598
0.7983749553940095,3.2594
0.798654004317378,3.2589
0.7989330574265637,3.2585
0.7992121077452043,3.2581
0.7994911524827555,3.2577
0.7997702014061235,3.2574
0.8000492684680348,3.2569
0.8003283173914029,3.2564
0.8006073858485867,3.256
0.8008864403530451,3.2556
0.8011654781142332,3.2551
0.8014445437808715,3.2546
0.8017236024711477,3.2541
0.8020026499992435,3.2537
0.802281718456427,3.2532
0.8025607645892503,3.2527
0.8028397995598933,3.2523
0.8031188791792571,3.2519
0.8033979253120803,3.2515
0.8036769616779963,3.2511
0.8039560287399071,3.2507
0.8042351013829083,3.2503
0.8045141349582787,3.2499
0.8047931824863747,3.2494
0.8050722383861056,3.249
0.8053513082385616,3.2484
0.805630354371385,3.2479
0.8059093991089356,3.2475
0.8061884661708469,3.2471
0.8064675360233029,3.2467
0.8067465612270386,3.2463
0.8070256520085822,3.2458
0.8073046758170453,3.2455
0.8075837456695014,3.2451
0.8078628043597775,3.2446
0.808141851887873,3.2443
0.8084208980206963,3.2438
0.8086999427582474,3.2433
0.8089790223776111,3.2429
0.8092580587435267,3.2424
0.8095371202243477,3.2419
0.8098161621713531,3.2415
0.8100952264427193,3.2411
0.8103742767613603,3.2407
0.8106533340563634,3.2402
0.810932391351367,3.2398
0.8112114374841902,3.2395
0.811490508731919,3.2391
0.8117695450978345,3.2386
0.8120486149502906,3.2382
0.8123276764311119,3.2378
0.8126067183781174,3.2373
0.8128857742778484,3.2369
0.8131648427350319,3.2364
0.8134438874725824,3.2359
0.8137229336054058,3.2355
0.8140019825287742,3.235
0.8142810481954129,3.2347
0.8145601068856887,3.2343
0.8148391446468768,3.2338
0.8151182131040607,3.2334
0.815397259236884,3.2331
0.815676308160252,3.2327
0.8159553612694378,3.2323
0.8162344436793467,3.2318
0.8165134800452623,3.2315
0.8167925233875408,3.231
0.8170716030069046,3.2306
0.8173506379775476,3.2301
0.8176296924820059,3.2296
0.8179087553580995,3.2292
0.8181878252105556,3.2288
0.8184668685528336,3.2284
0.8187459258478372,3.2279
0.8190249845381133,3.2275
0.8193040418331164,3.2271
0.8195830893612124,3.2268
0.8198621368893082,3.2264
0.8201412025559469,3.2259
0.820420240317135,3.2255
0.8206992976121382,3.2251
0.8209783646740495,3.2247
0.821257401039965,3.2243
0.8215364848451462,3.2238
0.8218155170252444,3.2233
0.8220945771107927,3.2228
0.8223736288247063,3.2224
0.8226526679811671,3.222
0.8229317573674382,3.2216
0.8232107839664464,3.2212
0.8234898524236299,3.2208
0.8237689055328157,3.2204
0.8240479558514567,3.2201
0.8243270270991854,3.2197
0.8246060676509183,3.2193
0.8248851137837415,3.2188
0.8251641641023826,3.2184
0.8254432311642934,3.218
0.8257222814829345,3.2175
0.8260013359873929,3.217
0.8262803835154887,3.2166
0.8265594491821271,3.2162
0.8268384981054955,3.2158
0.8271175540052265,3.2153
0.82739661130023,3.2149
0.8276756839432309,3.2145
0.8279547049611488,3.2142
0.8282337706277875,3.2138
0.8285128307133358,3.2134
0.8287918852177942,3.213
0.8290709271648001,3.2126
0.8293499998078013,3.2121
0.8296290417548069,3.2117
0.8299080906781753,3.2112
0.8301871549495414,3.2107
0.8304662024776372,3.2104
0.8307452709348208,3.2099
0.8310243254392792,3.2095
0.8313033701768298,3.2091
0.8315824163096531,3.2086
0.8318614805810192,3.2084
0.8321405490382027,3.208
0.832419584008846,3.2076
0.8326986496754843,3.2072
0.8329776972035802,3.2068
0.8332567475222212,3.2063
0.8335358341179475,3.2059
0.8338148732744083,3.2054
0.834093905454506,3.2049
0.83437297391169,3.2045
0.8346520214397853,3.2041
0.8349310661773365,3.2036
0.8352101457967002,3.2032
0.8354892072775212,3.2028
0.8357682645725243,3.2024
0.8360472967526225,3.2021
0.8363263568381708,3.2017
0.8366054001804494,3.2012
0.836884471428178,3.2008
0.8371635161657287,3.2005
0.8374425874134573,3.2
0.8377216237793729,3.1996
0.8380006908412841,3.1991
0.8382797258119271,3.1986
0.8385588068265635,3.1982
0.8388378557499315,3.1978
0.83911689909221,3.1973
0.8393959466203059,3.197
0.8396750122869442,3.1965
0.8399540695819477,3.1961
0.8402331199005884,3.1958
0.8405121855672271,3.1954
0.8407912330953229,3.195
0.8410702792281461,3.1945
0.8413493351278771,3.1941
0.8416283952134255,3.1937
0.8419074539037017,3.1932
0.8421864972459798,3.1928
0.8424655433788031,3.1922
0.8427446020690788,3.1919
0.8430236816884425,3.1914
0.8433027264259937,3.191
0.8435817739540891,3.1905
0.8438608228774576,3.1901
0.8441398690102808,3.1897
0.8444189360721921,3.1894
0.8446979933671953,3.189
0.8449770632196514,3.1886
0.8452560995855672,3.1882
0.8455351457183906,3.1877
0.8458142016181212,3.1873
0.8460932589131247,3.1868
0.8463723064412205,3.1864
0.8466513735031315,3.1859
0.8469304238217725,3.1854
0.8472094783262308,3.1849
0.8474885244590541,3.1845
0.8477675929162376,3.1841
0.8480466571876037,3.1836
0.8483256893677019,3.1832
0.8486047550343402,3.1829
0.8488838137246164,3.1825
0.84916287101962,3.182
0.8494419171524432,3.1816
0.8497209772379916,3.1812
0.8500000094180897,3.1808
0.8502791001996334,3.1802
0.8505581254033691,3.1797
0.8508371840936448,3.1793
0.8511162399933758,3.1788
0.8513952972883794,3.1784
0.8516743364448401,3.1779
0.8519534160642039,3.1775
0.8522324608017545,3.177
0.8525115418163909,3.1766
0.8527905628343089,3.1762
0.8530696103624043,3.1757
0.853348689981768,3.1754
0.853627726347684,3.1749
0.8539067934095949,3.1745
0.8541858325660556,3.174
0.8544649066043294,3.1736
0.8547439666898777,3.1732
0.8550230058463385,3.1727
0.8553020505838892,3.1722
0.8555811218316178,3.1717
0.8558601763360763,3.1712
0.8561392224688995,3.1707
0.8564182672064502,3.1702
0.8566973370589063,3.1698
0.8569763859822747,3.1694
0.8572554516489134,3.1689
0.8575344894101016,3.1685
0.8578135662389201,3.1681
0.8580925914426554,3.1677
0.8583716515282042,3.1672
0.8586507060326625,3.1667
0.8589297856520263,3.1662
0.8592088220179418,3.1657
0.8594879016373056,3.1652
0.8597669282363134,3.1647
0.8600459952982248,3.1642
0.8603250288735951,3.1638
0.8606040875638713,3.1633
0.8608831476494196,3.1629
0.8611621909916977,3.1623
0.8614412510772465,3.162
0.8617203209297025,3.1616
0.8619993642719807,3.1611
0.8622784341244367,3.1606
0.8625574732808974,3.1601
0.8628365305759009,3.1596
0.8631155864756319,3.1592
0.8633946660949957,3.1587
0.8636737108325464,3.1581
0.863952741617372,3.1575
0.8642317905407401,3.1571
0.8645108492310162,3.1566
0.8647899009449295,3.1561
0.8650689526588431,3.1557
0.8653480127443914,3.1552
0.86562708957321,3.1547
0.8659061259391255,3.1542
0.8661851846294017,3.1538
0.8664642419244053,3.1533
0.8667432992194084,3.1528
0.8670223467475043,3.1523
0.8673013970661453,3.1518
0.8675804724996914,3.1514
0.8678595200277872,3.1508
0.8681385536031576,3.1502
0.8684176304319766,3.1497
0.8686966793553446,3.1492
0.8689757366503482,3.1487
0.8692547953406243,3.1481
0.8695338526356275,3.1476
0.8698128834204532,3.1471
0.8700919602492717,3.1466
0.8703710049868228,3.1463
0.8706500636770985,3.1457
0.8709291070193766,3.1453
0.8712081531521999,3.1447
0.8714872132377487,3.1442
0.8717662816949321,3.1438
0.8720453180608477,3.1432
0.8723243976802114,3.1426
0.8726034452083073,3.142
0.8728825011080383,3.1415
0.8731615430550438,3.141
0.8734406031405926,3.1405
0.8737196520639606,3.1399
0.8739987065684189,3.1394
0.8742777638634226,3.1389
0.8745568113915184,3.1384
0.8748358658959768,3.1379
0.8751149399342506,3.1374
0.8753939916481639,3.1369
0.8756730266188069,3.1363
0.8759520880996278,3.1358
0.8762311579520842,3.1353
0.8765101998990897,3.1347
0.8767892488224581,3.1341
0.8770683326276393,3.1336
0.8773473564361024,3.133
0.8776264109405607,3.1325
0.8779054919551971,3.1319
0.878184539483293,3.1314
0.878463582825571,3.1308
0.8787426415158468,3.1303
0.879021700206123,3.1297
0.8793007575011266,3.1293
0.8795797924717695,3.1288
0.8798588665100433,3.1282
0.880137930781409,3.1276
0.8804169657520524,3.1271
0.8806960132801482,3.1265
0.8809750970853294,3.1259
0.8812541390323353,3.1252
0.8815331726077057,3.1247
0.8818122550176146,3.1242
0.8820912927788028,3.1235
0.8823703347258083,3.123
0.8826494115546273,3.1224
0.8829284437347251,3.1219
0.8832075080060912,3.1213
0.8834865792538198,3.1208
0.883765625386643,3.1203
0.8840446645431038,3.1197
0.8843237413719224,3.1191
0.8846027902952909,3.1185
0.884881833637569,3.1179
0.8851608895373,3.1172
0.8854399356701232,3.1166
0.8857189929651268,3.116
0.8859980418884948,3.1154
0.8862771075551336,3.1149
0.8865561746170448,3.1142
0.8868352221451402,3.1137
0.8871142836259616,3.1131
0.8873933283635123,3.1126
0.8876723842632432,3.112
0.8879514541156993,3.1114
0.8882304821099798,3.1108
0.8885095491718906,3.1102
0.888788603676349,3.1097
0.8890676637618977,3.109
0.8893467071041758,3.1084
0.8896257657944521,3.1078
0.8899048091367301,3.1071
0.8901838720128237,3.1064
0.8904629279125547,3.1059
0.890741996369738,3.1052
0.8910210215734737,3.1046
0.8913000886353846,3.104
0.8915791347682079,3.1034
0.8918581892726662,3.1028
0.8921372661014849,3.1022
0.8924162982815831,3.1016
0.8926953555765866,3.101
0.8929744226384976,3.1004
0.8932534701665934,3.0998
0.8935325497859572,3.0992
0.8938115777802376,3.0983
0.894090621122516,3.0977
0.8943696784175192,3.0971
0.8946487691990633,3.0965
0.8949277957980711,3.0958
0.8952068391403497,3.0952
0.8954859075975331,3.0946
0.8957649495445387,3.0939
0.8960440221875399,3.0933
0.8963230711109084,3.0927
0.8966021284059119,3.0921
0.8968811884914603,3.0914
0.8971602220668305,3.0908
0.8974392807571068,3.0901
0.8977183575859253,3.0895
0.8979974051140213,3.0887
0.8982764512468445,3.0881
0.8985554987749403,3.0873
0.8988345560699439,3.0867
0.8991136203413096,3.086
0.8993926734504958,3.0854
0.8996717140022288,3.0847
0.8999507740877775,3.084
0.9002298313827807,3.0834
0.9005088789108765,3.0828
0.9007879571349677,3.0821
0.9010669935008833,3.0815
0.9013460521911594,3.0807
0.9016251080908904,3.0801
0.9019041877102542,3.0793
0.9021832240761697,3.0786
0.9024622827664455,3.0779
0.9027413275039966,3.0772
0.9030203652651847,3.0765
0.9032994490703659,3.0758
0.9035785035748243,3.0751
0.9038575608698278,3.0744
0.9041366056073785,3.0738
0.9044156391827488,3.0731
0.9046947104304776,3.0724
0.9049737635396637,3.0717
0.9052528264157572,3.071
0.905531858595855,3.0703
0.9058109172861312,3.0696
0.9060899871385872,3.0689
0.9063690332714105,3.0682
0.9066480807995063,3.0674
0.9069271353039647,3.0667
0.9072061967847856,3.0659
0.9074852484986989,3.0652
0.9077643211417001,3.0644
0.908043382622521,3.0637
0.9083224148026193,3.063
0.9086014818645302,3.0623
0.9088805307878985,3.0616
0.9091595866876295,3.0609
0.9094386537495405,3.0602
0.9097177012776363,3.0595
0.9099967613631851,3.0587
0.9102758088912806,3.058
0.9105548508382865,3.0572
0.9108338983663823,3.0563
0.9111129458944781,3.0556
0.9113920143516616,3.0548
0.9116710828088451,3.0541
0.911950151266029,3.0533
0.9122291890272171,3.0526
0.9125082198120423,3.0518
0.912787311988859,3.0511
0.9130663581216822,3.0504
0.9133453944875978,3.0496
0.9136244448062388,3.0489
0.9139035090776045,3.0481
0.9141825566057004,3.0473
0.9144616111101588,3.0465
0.9147406851484327,3.0457
0.9150197284907107,3.0448
0.9152987857857142,3.0441
0.9155778333138102,3.0432
0.9158568794466334,3.0425
0.9161359479038168,3.0417
0.9164149828744598,3.0409
0.9166940429600086,3.0401
0.9169731323462801,3.0394
0.917252146387835,3.0386
0.9175312134497463,3.0378
0.9178102819069298,3.037
0.9180893405972059,3.0362
0.9183683839394841,3.0354
0.9186474230959447,3.0345
0.9189265027153085,3.0336
0.9192055488481318,3.0328
0.9194846019573176,3.032
0.9197636648334111,3.0311
0.9200426900371468,3.0303
0.9203217501226951,3.0294
0.9206008269515137,3.0286
0.9208798744796096,3.0278
0.9211589094502526,3.027
0.9214379779074364,3.0263
0.9217170296213496,3.0254
0.9219960757541729,3.0246
0.9222751470019015,3.0237
0.9225541945299974,3.0228
0.9228332629871808,3.0219
0.9231123230727296,3.0211
0.9233913468811923,3.0201
0.9236704153383761,3.0192
0.9239494600759268,3.0184
0.9242285452763805,3.0175
0.9245075648990259,3.0166
0.9247866221940294,3.0157
0.9250656920464855,3.0148
0.9253447367840362,3.014
0.9256237829168594,3.0132
0.9259028639314958,3.0123
0.9261819128548643,3.0115
0.9264609506160524,3.0105
0.9267400023299656,3.0096
0.9270190610202418,3.0087
0.9272981294774252,3.0078
0.9275771979346087,3.0069
0.9278562454627045,3.0059
0.928135294386073,3.0049
0.9284143265661707,3.004
0.9286933838611744,3.0031
0.9289724509230857,3.0022
0.9292514914748186,3.0012
0.929530545979277,3.0003
0.929809615831733,2.9994
0.9300886619645563,2.9986
0.9303677067021073,2.9976
0.9306467905072885,2.9966
0.9309258240826592,2.9957
0.9312048883540249,2.9947
0.9314839289057583,2.9938
0.9317629862007619,2.9928
0.9320420630295805,2.9918
0.9323210896285883,2.9907
0.9326001455283193,2.9898
0.9328792377051359,2.9887
0.9331582629088712,2.9878
0.9334373215991474,2.9868
0.9337163788941505,2.9858
0.9339954333986089,2.9849
0.9342744920888851,2.984
0.934553539616981,2.983
0.9348325969119841,2.982
0.9351116542069877,2.9809
0.935390700339811,2.9799
0.935669756239542,2.9789
0.9359488065581826,2.9777
0.9362278638531861,2.9767
0.9365069099860094,2.9757
0.9367859644904678,2.9746
0.9370650455051042,2.9737
0.9373440944284726,2.9726
0.9376231377707507,2.9715
0.9379021950657542,2.9705
0.9381812663134829,2.9695
0.9384603166321236,2.9684
0.9387393697413093,2.9674
0.9390183991308624,2.9663
0.9392974550305934,2.9653
0.9395765206972321,2.9642
0.9398555640395101,2.9631
0.9401346157534234,2.962
0.9404136925822424,2.9609
0.9406927275528854,2.9598
0.9409717862431615,2.9586
0.941250842142892,2.9575
0.941529898042623,2.9563
0.9418089678950791,2.9552
0.9420880168184476,2.9541
0.9423670517890905,2.953
0.9426461090840941,2.9518
0.9429251649838251,2.9508
0.9432042348362811,2.9496
0.9434832809691044,2.9485
0.9437623298924729,2.9474
0.9440413969543837,2.9462
0.944320464016295,2.9451
0.944599498986938,2.9439
0.9448785548866689,2.9427
0.9451576289249428,2.9414
0.9454366611050405,2.9402
0.9457157407244043,2.939
0.9459947784855924,2.9377
0.9462738343853234,2.9366
0.9465528833086919,2.9354
0.9468319489753302,2.9341
0.9471109839459736,2.933
0.94739006496061,2.9318
0.9476691041170703,2.9306
0.9479481516451661,2.9293
0.9482272075448971,2.9281
0.9485062648399006,2.9269
0.948785330506539,2.9256
0.9490643766393623,2.9243
0.9493434353296384,2.9229
0.9496224689050088,2.9217
0.9499015387574652,2.9204
0.9501805876808332,2.9191
0.950459653347472,2.9178
0.9507387134330203,2.9165
0.951017758170571,2.9152
0.9512968154655745,2.914
0.9515758504362175,2.9126
0.9518549119170389,2.9113
0.9521339761884046,2.91
0.9524130223212278,2.9086
0.9526920851973214,2.9073
0.9529711410970524,2.9058
0.9532501969967834,2.9044
0.9535292431296066,2.903
0.9538083143773353,2.9016
0.9540873688817937,2.9003
0.9543664066429818,2.8988
0.9546454611474402,2.8974
0.9549245309998963,2.896
0.9552035882948998,2.8946
0.955482620474998,2.8932
0.9557616819558189,2.8918
0.9560407280886422,2.8904
0.9563197965458257,2.8889
0.9565988315164686,2.8875
0.9568778888114722,2.886
0.957156968430836,2.8845
0.9574360173542045,2.8829
0.9577150732539355,2.8814
0.9579941082245784,2.8799
0.9582731780770344,2.8784
0.9585522242098576,2.8768
0.958831284295406,2.8753
0.959110340195137,2.8738
0.9593893877232329,2.8723
0.9596684422276913,2.8708
0.9599474939416045,2.8692
0.9602265498413355,2.8677
0.9605056057410665,2.8661
0.9607846476880724,2.8645
0.961063730097981,2.8629
0.9613427706497142,2.8612
0.9616218251541726,2.8595
0.9619008698917233,2.8579
0.9621799397441794,2.8562
0.9624589970391829,2.8546
0.9627380543341865,2.8529
0.9630171032575545,2.8512
0.9632961633431033,2.8495
0.963575216452289,2.8479
0.9638542681662023,2.8463
0.9641333142990256,2.8446
0.9644123576413037,2.8428
0.9646914274937601,2.8411
0.964970480602946,2.8393
0.9652495281310418,2.8375
0.9655286091456777,2.8358
0.9658076329541408,2.8339
0.9660866860633266,2.8322
0.9663657601016005,2.8303
0.9666447978627886,2.8285
0.9669238593436096,2.8267
0.9672029333818833,2.8249
0.967481957190346,2.8231
0.9677610354144376,2.8214
0.9680400703850806,2.8195
0.9683191416328092,2.8176
0.9685981766034522,2.8157
0.9688772338984557,2.8138
0.9691563023556392,2.8119
0.9694353373262826,2.8099
0.969714405783466,2.808
0.9699934547068345,2.806
0.9702725120018377,2.804
0.9705515762732038,2.8021
0.9708306126391193,2.8
0.9711096741199403,2.7981
0.9713887216480361,2.7961
0.9716677859194023,2.7942
0.9719468334474981,2.7922
0.9722259032999542,2.7901
0.9725049494327774,2.788
0.9727840220757786,2.786
0.9730630654180568,2.7839
0.9733421087603352,2.7817
0.9736211562884307,2.7796
0.9739002135834343,2.7775
0.9741792904122528,2.7753
0.9744583393356213,2.7732
0.9747373784920821,2.771
0.9750164455539929,2.7689
0.9752954847104537,2.7666
0.975574560144,2.7645
0.9758536062768234,2.7623
0.9761326538049192,2.7601
0.9764117320290103,2.7579
0.9766907572327457,2.7556
0.9769698256899295,2.7533
0.9772488718227528,2.7509
0.9775279333035737,2.7486
0.9778069850174869,2.7463
0.9780860548699429,2.7439
0.9783651023980389,2.7415
0.9786441624835872,2.7392
0.9789232155927734,2.7368
0.9792022631208689,2.7344
0.979481300882057,2.732
0.9797603679439683,2.7296
0.9800394364011518,2.7272
0.9803184657907048,2.7247
0.9805975412242511,2.7222
0.9808765789854393,2.7197
0.9811556446520776,2.7172
0.9814347131092614,2.7147
0.9817137369177241,2.7121
0.9819927970032729,2.7095
0.982271854298276,2.7069
0.9825509115932797,2.7043
0.9828299535402856,2.7016
0.9831090108352887,2.699
0.9833880737113823,2.6963
0.9836671379827483,2.6937
0.9839461757439365,2.691
0.9842252455963926,2.6883
0.9845042819623081,2.6857
0.9847833406525842,2.6829
0.9850624286435832,2.6802
0.9853414566378635,2.6774
0.9856205181186845,2.6746
0.9858995782042332,2.6718
0.9861786145701488,2.6689
0.986457671865152,2.666
0.9867367305554281,2.6631
0.9870158073842468,2.6602
0.987294833983255,2.6573
0.9875739052309837,2.6544
0.9878529499685343,2.6514
0.98813200865881,2.6485
0.988411064558541,2.6456
0.9886901176677269,2.6426
0.9889691582194602,2.6396
0.9892482197002811,2.6365
0.9895272825763746,2.6335
0.9898063189422902,2.6304
0.9900854097238342,2.6272
0.9903644446944772,2.6241
0.9906434810603928,2.6208
0.9909225383553963,2.6177
0.9912016012314898,2.6145
0.9914806543406757,2.6113
0.991759721402587,2.608
0.9920387563732299,2.6048
0.9923178387831388,2.6015
0.9925968835206895,2.5982
0.9928759198866051,2.5949
0.9931549939248789,2.5916
0.9934340568009724,2.5882
0.9937130806094351,2.5848
0.9939921602287989,2.5814
0.9942711951994423,2.5779
0.9945502524944454,2.5744
0.9948293111847216,2.5709
0.9951083684797252,2.5673
0.995387435541636,2.5637
0.9956664635359165,2.5601
0.9959455180403748,2.5564
0.996224576730651,2.5528
0.9965036549547421,2.5491
0.9967826941112029,2.5454
0.997061737453481,2.5416
0.9973408059106644,2.5379
0.9976198646009407,2.5341
0.9978989009668562,2.5303
0.9981779833767651,2.5264
0.9984570281143158,2.5225
0.9987360728518665,2.5185
0.9990151231705076,2.5145
0.9992941888371458,2.5104
0.9995732586896019,2.5063
0.9998522797075198,2.5022
1.0,2.5
